legal_text,simplified_text
"SECTION 2 of Aadhaar (Targeted Delivery of Financial and other Subsidies, Benefits and Services) Act, 2016
The Aadhaar (Targeted Delivery of Financial and other Subsidies, Benefits and Services) Act, 2016
2. Definitions.-
In this Act, unless the context otherwise requires,-
4[(a) ""Aadhaar number"" means an identification number issued to an individual under sub-section (3) of section 3, and includes any alternative virtual identity generated under sub-section (4) of that section;]
5[(aa) ""Aadhaar ecosystem"" includes enrolling agencies, Registrars, requesting entities, offline verification-seeking entities and any other entity or group of entities as may be specified by regulations;]
(b) ""Aadhaar number holder"" means an individual who has been issued an Aadhaar number under this Act;
4[(ba) ""Adjudicating Officer"" means an Adjudicating Officer appointed under sub-section (1) of section 33B;
(bb) ""Appellate Tribunal"" means the Appellate Tribunal referred to in sub-section (1) of section 33C;]
(c) ""authentication"" means the process by which the Aadhaar number alongwith demographic information or biometric information of an individual is submitted to the Central Identities Data Repository for its verification and such Repository verifies the correctness, or the lack thereof, on the basis of information available with it;
(d) ""authentication record"" means the record of the time of authentication and identity of the requesting entity and the response provided by the Authority thereto;
(e) ""Authority"" means the Unique Identification Authority of India established under sub-section (1) of section 11;
(f) ""benefit"" means any advantage, gift, reward, relief, or payment, in cash or kind, provided to an individual or a group of individuals and includes such other benefits as may be notified by the Central Government;
(g) ""biometric information"" means photograph, finger print, Iris scan, or such other biological attributes of an individual as may be specified by regulations;
(h) ""Central Identities Data Repository"" means a centralised database in one or more locations containing all Aadhaar numbers issued to Aadhaar number holders along with the corresponding demographic information and biometric information of such individuals and other information related thereto;
(i) ""Chairperson"" means the Chairperson of the Authority appointed under section 12;
1[(ia) ""child"" means a person who has not completed eighteen years of age;]
(j) ""core biometric information"" means finger print, Iris scan, or such other biological attribute of an individual as may be specified by regulations;
(k) ""demographic information"" includes information relating to the name, date of birth, address and other relevant information of an individual, as may be specified by regulations for the purpose of issuing an Aadhaar number, but shall not include race, religion, caste, tribe, ethnicity, language, records of entitlement, income or medical history;
(l) ""enrolling agency"" means an agency appointed by the Authority or a Registrar, as the case may be, for collecting demographic and biometric information of individuals under this Act;
(m) ""enrolment"" means the process, as may be specified by regulations, to collect demographic and biometric information from individuals by the enrolling agencies for the purpose of issuing Aadhaar numbers to such individuals under this Act;
(n) ""identity information"" in respect of an individual, includes his Aadhaar number, his biometric information and his demographic information;
(o) ""Member"" includes the Chairperson and Member of the Authority appointed under section 12;
(p) ""notification"" means a notification published in the Official Gazette and the expression ""notified"" with its cognate meanings and grammatical variations shall be construed accordingly;
1[(pa) ""offline verification"" means the process of verifying the identity of the Aadhaar number holder without authentication, through such offline modes as may be specified by regulations;
(pb) ""offline verification-seeking entity"" means any entity desirous of undertaking offline verification of an Aadhaar number holder;]
(q) ""prescribed"" means prescribed by rules made by the Central Government under this Act;
(r) ""records of entitlement"" means records of benefits, subsidies or services provided to, or availed by, any individual under any programme;
(s) ""Registrar"" means any entity authorised or recognised by the Authority for the purpose of enrolling individuals under this Act;
(t) ""regulations"" means the regulations made by the Authority under this Act;
(u) ""requesting entity"" means an agency or person that submits the Aadhaar number, and demographic information or biometric information, of an individual to the Central Identities Data Repository for authentication;
(v) ""resident"" means an individual who has resided in India for a period or periods amounting in all to one hundred and eighty-two days or more in the twelve months immediately preceding the date of application for enrolment;
(w) ""service"" means any provision, facility, utility or any other assistance provided in any form to an individual or a group of individuals and includes such other services as may be notified by the Central Government;
(x) ""subsidy"" means any form of aid, support, grant, subvention, or appropriation, in cash or kind, to an individual or a group of individuals and includes such other subsidies as may be notified by the Central Government.
1. Ins. by Act 14 of 2019, s. 3 (w.e.f. 25-7-2019).
1. Ins. by Act 14 of 2019, s. 2 (w.e.f. 25-7-2019).
2. The words ""except the State of Jammu and Kashmir"" omitted by Act 34 of 2019, s. 95 and the Fifth Schedule (w.e.f. 31-10- 2019).
3.12th September, 2016 - Sections 1 to 10, 24 to 47, vide notification No. S.O. 2927 (E), dated 12th September, 2016 see Gazette of India Extraordinary, Part II, s. 3 (ii).

  12th July, 2016- Sections 11 to 20, 22 and 23, 48 to 59, vide notification No. S.O. 2357 (E), dated 12 the July 2016, see Gazette of India, Extraordinary, Part II, s. 3 (ii).

  25th July, 2019 - Sections1 to 30, vide notification No. S.O. 2649 (E), dated 25th July, 2019 see Gazette of India, Extraordinary, Part II, s. 3 (ii).
4. Subs. by Act 14 of 2019, s, 3, for clause (a) (w.e.f. 25-7-2019).
5. Ins. by s. 3, ibid, (w.e.f. 25-7-2019).","Simplified text: Definitions in Aadhaar Act, 2016
In this Act, unless the context otherwise requires:
(a) ""Aadhaar number"" means an identification number issued to an individual under section 3(3), including any alternative virtual identity generated under section 3(4).
(aa) ""Aadhaar ecosystem"" includes enrolling agencies, Registrars, requesting entities, offline verification-seeking entities, and any other specified entities.
(b) ""Aadhaar number holder"" means an individual who has been issued an Aadhaar number under this Act.
(ba) ""Adjudicating Officer"" means an officer appointed under section 33B.
(bb) ""Appellate Tribunal"" means the tribunal referred to in section 33C.
(c) ""authentication"" means the process of submitting an individual's Aadhaar number along with demographic or biometric information for verification by the Central Identities Data Repository.
(d) ""authentication record"" means the record of the time of authentication, the identity of the requesting entity, and the response provided by the Authority.
(e) ""Authority"" means the Unique Identification Authority of India established under section 11.
(f) ""benefit"" means any advantage, gift, reward, relief, or payment provided to an individual or group of individuals, as notified by the Central Government.
(g) ""biometric information"" means photograph, fingerprint, iris scan, or other specified biological attributes.
(h) ""Central Identities Data Repository"" means a centralized database containing all Aadhaar numbers issued, demographic and biometric information, and related data.
(i) ""Chairperson"" means the Chairperson of the Authority appointed under section 12.
(ia) ""child"" means a person under eighteen years of age.
(j) ""core biometric information"" means fingerprint, iris scan, or other specified biological attributes.
(k) ""demographic information"" includes information related to name, date of birth, address, and other relevant details, as specified by regulations.
(l) ""enrolling agency"" means an agency appointed for collecting demographic and biometric information under this Act.
(m) ""enrolment"" means the process to collect demographic and biometric information from individuals for issuing Aadhaar numbers.
(n) ""identity information"" includes Aadhaar number, biometric information, and demographic information.
(o) ""Member"" includes the Chairperson and Members of the Authority.
(p) ""notification"" means a notification published in the Official Gazette.
(pa) ""offline verification"" means the process of verifying the identity of an Aadhaar number holder without authentication, through specified offline modes.
(pb) ""offline verification-seeking entity"" means any entity desiring offline verification of an Aadhaar number holder.
(q) ""prescribed"" means prescribed by rules made under this Act.
(r) ""records of entitlement"" means records of benefits, subsidies, or services provided to or availed by any individual under any program.
(s) ""Registrar"" means any entity authorized for enrolling individuals under this Act.
(t) ""regulations"" means the regulations made by the Authority under this Act.
(u) ""requesting entity"" means an agency or person submitting Aadhaar number, demographic information, or biometric information for authentication.
(v) ""resident"" means an individual who has resided in India for a specified period preceding the date of enrollment.
(w) ""service"" means any provision, facility, utility, or assistance provided to an individual or group of individuals, as notified by the Central Government.
(x) ""subsidy"" means any form of aid, support, grant, or appropriation in cash or kind provided to an individual or group of individuals, as notified by the Central Government.
(Note: Some sections and dates have been mentioned in regards to amendments made to the Act.)
"
"SECTION 3 of Aadhaar (Targeted Delivery of Financial and other Subsidies, Benefits and Services) Act, 2016
The Aadhaar (Targeted Delivery of Financial and other Subsidies, Benefits and Services) Act, 2016
Chapter II
Enrolment
3. Aadhaar number.-
(1) Every resident shall be entitled to obtain an Aadhaar number by submitting his demographic information and biometric information by undergoing the process of enrolment:
Provided that the Central Government may, from time to time, notify such other category of individuals who may be entitled to obtain an Aadhaar number.
(2) The enrolling agency shall, at the time of enrolment, inform the individual undergoing enrolment of the following details in such manner as may be specified by regulations, namely:-
(a) the manner in which the information shall be used;
(b) the nature of recipients with whom the information is intended to be shared during authentication; and
(c) the existence of a right to access information, the procedure for making requests for such access, and details of the person or department in-charge to whom such requests can be made.
(3) On receipt of the demographic information and biometric information under sub-section (1), the Authority shall, after verifying the information, in such manner as may be specified by regulations, issue an Aadhaar number to such individual.
1[(4) The Aadhaar number issued to an individual under sub-section (3) shall be a twelve-digit identification number and any alternative virtual identity as an alternative to the actual Aadhaar number of an individual that shall be generated by the Authority in such manner as may be specified by regulations.]
1. Ins. by Act 14 of 2019, s. 4 (w.e.f. 25-7-2019).  


 Back","Entitlement to Aadhaar Number:
Every resident has the right to get an Aadhaar number by providing their demographic and biometric information during the enrollment process. The Central Government may also identify other groups of individuals who are entitled to obtain an Aadhaar number.


Details Provided During Enrollment:
The enrolling agency must inform the individual being enrolled about the following details:
- How the information will be used
- The recipients with whom the information will be shared for authentication
- The right to access the information, the process for making access requests, and the contact details for the person or department in charge of handling such requests.


Aadhaar Number Issuance:
Upon receiving the demographic and biometric information, the Authority will verify the information and issue a twelve-digit Aadhaar number to the individual. Additionally, an alternative virtual identity may be generated as specified by regulations.
"
"SECTION 4 of Aadhaar (Targeted Delivery of Financial and other Subsidies, Benefits and Services) Act, 2016
The Aadhaar (Targeted Delivery of Financial and other Subsidies, Benefits and Services) Act, 2016
4. Properties of Aadhaar number.-
(1) An Aadhaar number, issued to an individual shall not be re-assigned to any other individual.
(2) An Aadhaar number shall be a random number and bear no relation to the attributes or identity of the Aadhaar number holder.
1[(3) Every Aadhaar number holder to establish his identity, may voluntarily use his Aadhaar number in physical or electronic form by way of authentication or offline verification, or in such other form as may be notified, in such manner as may be specified by regulations.
Explanation.- For the purposes of this section, voluntary use of the Aadhaar number by way of authentication means the use of such Aadhaar number only with the informed consent of the Aadhaar number holder.
(4) An entity may be allowed to perform authentication, if the Authority is satisfied that the requesting entity is-
(a) compliant with such standards of privacy and security as may be specified by regulations; and
(b) (i) permitted to offer authentication services under the provisions of any other law made by Parliament; or
(ii) seeking authentication for such purpose, as the Central Government in consultation with the Authority, and in the interest of State, may prescribe.
(5) The Authority may, by regulations, decide whether a requesting entity shall be permitted the use of the actual Aadhaar number during authentication or only an alternative virtual identity.
(6) Every requesting entity to whom an authentication request is made by an Aadhaar number holder under sub-section (3) shall inform to the Aadhaar number holder of alternate and viable means of identification and shall not deny any service to him for refusing to, or being unable to, undergo authentication.
(7) Notwithstanding anything contained in the foregoing provisions, mandatory authentication of an Aadhaar number holder for the provision of any service shall take place if such authentication is required by a law made by Parliament.]
1. Subs. by Act 14 of 2019, s. 6, for Sub-section (3) (w.e.f. 25-7-2019).","Simplified text: Properties of Aadhaar Number:
1. The Aadhaar number assigned to an individual cannot be given to another person.
2. The Aadhaar number is a random number and does not reveal any specific information about the person it is assigned to.
3. An individual can use their Aadhaar number, with their consent, to prove their identity in physical or electronic form. They can also use other authorized methods notified by regulations.
4. An organization can perform authentication if it meets privacy and security standards specified by regulations and is permitted to offer authentication services under the law. The Central Government, in consultation with the Authority, may prescribe the purpose for seeking authentication.
5. The Authority can decide whether an organization can use the actual Aadhaar number or an alternative virtual identity during authentication.
6. If an Aadhaar number holder chooses not to undergo authentication, the requesting organization must provide alternate means of identification and cannot deny service.
7. Mandatory authentication of an Aadhaar number holder for any service will only occur if required by a law passed by Parliament."
"SECTION 7 of Aadhaar (Targeted Delivery of Financial and other Subsidies, Benefits and Services) Act, 2016
The Aadhaar (Targeted Delivery of Financial and other Subsidies, Benefits and Services) Act, 2016
Chapter III
Authentication
7. Proof of Aadhaar number necessary for receipt of certain subsidies, benefits and services, etc.-
The Central Government or, as the case may be, the State Government may, for the purpose of establishing identity of an individual as a condition for receipt of a subsidy, benefit or service for which the expenditure is incurred from, or the receipt therefrom forms part of, the Consolidated Fund of India, 1[or the Consolidated Fund of State] require that such individual undergo authentication, or furnish proof of possession of Aadhaar number or in the case of an individual to whom no Aadhaar number has been assigned, such individual makes an application for enrolment:
Provided that if an Aadhaar number is not assigned to an individual, the individual shall be offered alternate and viable means of identification for delivery of the subsidy, benefit or service.
1. Ins. by Act 14 of 2019, s. 7 (w.e.f. 25-7-2019).","Simplified text: 
Proving Identity for Government Benefits:
The Central or State Government can require individuals to prove their identity to receive certain subsidies, benefits, or services, if the funds come from the Consolidated Fund of India or the Consolidated Fund of a State. This can be done through authenticating their identity using Aadhaar or providing proof of possessing an Aadhaar number. If an individual does not have an Aadhaar number, they can apply to enroll for it. If an Aadhaar number is not assigned to an individual, the government must offer them alternative means of identification to receive the subsidy, benefit, or service."
"SECTION 8 of Aadhaar (Targeted Delivery of Financial and other Subsidies, Benefits and Services) Act, 2016
The Aadhaar (Targeted Delivery of Financial and other Subsidies, Benefits and Services) Act, 2016
8. Authentication of Aadhaar number.-
(1) The Authority shall perform authentication of the Aadhaar number of an Aadhaar number holder submitted by any requesting entity, in relation to his biometric information or demographic information, subject to such conditions and on payment of such fees and in such manner as may be specified by regulations.
(2) A requesting entity shall-
(a) unless otherwise provided in this Act, obtain the consent of an individual 2[or in the case of a child obtain the consent of his parent or guardian] before collecting his identity information for the purposes of authentication in such manner as may be specified by regulations; and
(b) ensure that the identity information of an individual is only used for submission to the Central Identities Data Repository for authentication.
2[Provided that the requesting entity shall, in case of failure to authenticate due to illness, injury or infirmity owing to old age or otherwise or any technical or other reasons, provide such alternate and viable means of identification of the individual, as may be specified by regulations.]
(3) A requesting entity shall inform, in such manner as may be specified by regulations, the individual submitting his identity information for authentication 2[or in the case of a child, his parent or guardian], the following details with respect to authentication, namely:-
(a) the nature of information that may be shared upon authentication;
(b) the uses to which the information received during authentication may be put by the requesting entity; and
(c) alternatives to submission of identity information to the requesting entity.
(4) The Authority shall respond to an authentication query with a positive, negative or any other appropriate response sharing such identity information excluding any core biometric information.
2. Ins. by s. 8, ibid, (w.e.f. 25-7-2019).","Simplified text: 
Using Aadhaar Number for Verification:
The Authority will verify an individual's Aadhaar number if it's submitted by any requesting organization. This can involve using the person's biometric or demographic information, following specified conditions and payment of specified fees.

Requesting Entity's Responsibilities:
If a requesting organization needs to collect an individual's identity information for verification, they must get the individual's consent (or the consent of a parent/guardian for a child) as per regulations. The identity information should only be used for submission to the Central Identities Data Repository for verification. If verification fails due to various reasons, the organization should provide alternative means of identification as per regulations.

Information to be Provided:
The requesting organization should inform the individual (or the parent/guardian, in the case of a child) about what information may be shared during verification, how the information may be used by the requesting entity, and any alternatives to providing identity information to the entity. The Authority will respond to a verification query with a positive, negative, or other appropriate response, while excluding core biometric information from any shared identity details."
"SECTION 11 of Aadhaar (Targeted Delivery of Financial and other Subsidies, Benefits and Services) Act, 2016
The Aadhaar (Targeted Delivery of Financial and other Subsidies, Benefits and Services) Act, 2016
Chapter Iv
Unique Identification Authorityof Inida
11. Establishment of Authority.-
(1) The Central Government shall, by notification, establish an Authority to be known as the Unique Identification Authority of India to be responsible for the processes of enrolment and authentication and perform such other functions assigned to it under this Act.
(2) The Authority shall be a body corporate by the name aforesaid, having perpetual succession and a common seal, with power, subject to the provisions of this Act, to acquire, hold and dispose of property, both movable and immovable, and to contract, and shall, by the said name, sue or be sued.
(3) The head office of the Authority shall be in New Delhi.
(4) The Authority may, with the prior approval of the Central Government, establish its offices at other places in India.","Establishment of Unique Identification Authority of India:

1. Creation of Authority: The Central Government will set up an Authority called the Unique Identification Authority of India. This Authority will manage the process of enrolment and authentication, as well as other tasks assigned to it under this Act.

2. Status of the Authority: The Authority will be a separate legal entity with a perpetual existence and a common seal. It has the authority, within the framework of this Act, to own, transfer, and manage both movable and immovable property, as well as to enter into contracts and to engage in legal proceedings using its name.

3. Headquarters: The main office of the Authority will be located in New Delhi.

4. Establishment of Regional Offices: With the prior approval of the Central Government, the Authority can establish offices at other locations in India."
"SECTION 14 of Aadhaar (Targeted Delivery of Financial and other Subsidies, Benefits and Services) Act, 2016
The Aadhaar (Targeted Delivery of Financial and other Subsidies, Benefits and Services) Act, 2016
14. Term of office and other conditions of service of Chairperson and Members.-
(1) The Chairperson and the Members appointed under this Act shall hold office for a term of three years from the date on which they assume office and shall be eligible for re-appointment:
Provided that no person shall hold office as the Chairperson or Member after he has attained the age of sixty-five years.
(2) The Chairperson and every Member shall, before entering office, make and subscribe to, an oath of office and of secrecy, in such form and in such manner and before such Authority as may be prescribed.
(3) Notwithstanding anything contained in sub-section (1), the Chairperson or Member may-
(a) relinquish his office, by giving in writing to the Central Government, a notice of not less than thirty days; or
(b) be removed from his office in accordance with the provisions of section 15.
(4) The salaries and allowances payable to, and the other terms and conditions of service of, the Chairperson and allowances or remuneration payable to part-time Members shall be such as may be prescribed.","Term of Office and Conditions of Service:
- The Chairperson and Members appointed under this Act will hold office for three years from the date they start and can be re-appointed. However, they cannot continue as Chairperson or Member after turning 65 years old.
- Before starting their roles, the Chairperson and each Member must take an oath of office and secrecy as prescribed.
- The Chairperson or Member may resign by giving a written notice of at least thirty days to the Central Government or be removed in accordance with Section 15.
- The salaries, allowances, and other service conditions of the Chairperson, as well as the allowances or remuneration for part-time Members, will be as prescribed."
"SECTION 15 of Aadhaar (Targeted Delivery of Financial and other Subsidies, Benefits and Services) Act, 2016
The Aadhaar (Targeted Delivery of Financial and other Subsidies, Benefits and Services) Act, 2016
15. Removal of Chairperson and Members.-
(1) The Central Government may remove from office, the Chairperson, or a Member, who-
(a) is, or at any time has been adjudged as insolvent;
(b) has become physically or mentally incapable of acting as the Chairperson or, as the case may be, a Member;
(c) has been convicted of an offence which, in the opinion of the Central Government, involves moral turpitude;
(d) has acquired such financial or other interest as is likely to affect prejudicially his functions as the Chairperson or, as the case may be, a Member; or
(e) has, in the opinion of the Central Government, so abused his position as to render his continuance in office detrimental to the public interest.
(2) The Chairperson or a Member shall not be removed under clause (b), clause (d) or clause (e) of sub-section (1) unless he has been given a reasonable opportunity of being heard.","Removal of Chairperson and Members
The Aadhaar (Targeted Delivery of Financial and Other Subsidies, Benefits, and Services) Act, 2016

The Central Government has the authority to remove the Chairperson or a Member if:
- They have been declared bankrupt or insolvent.
- They are no longer capable of performing their duties due to physical or mental incapacity.
- They have been convicted of an offense that, according to the Central Government, involves moral misconduct.
- They have acquired financial or other interests that are likely to negatively impact their role.
- According to the Central Government, they have misused their position in a way that is harmful to the public interest.

The Chairperson or a Member cannot be removed unless they have been given an opportunity to present their case, except in cases involving physical or mental incapacity, acquirement of prejudicial interests, or misuse of their position."
"SECTION 16 of Aadhaar (Targeted Delivery of Financial and other Subsidies, Benefits and Services) Act, 2016
The Aadhaar (Targeted Delivery of Financial and other Subsidies, Benefits and Services) Act, 2016
16. Restrictions on Chairperson or Members on employment after cessation of office.-
The Chairperson or a Member on ceasing to hold office for any reason, shall not, without previous approval of the Central Government,-
(a) accept any employment in, or be connected with the management of any organisation, company or any other entity which has been associated with any work done or contracted out by the Authority, whether directly or indirectly, during his tenure as Chairperson or Member, as the case may be, for a period of three years from the date on which he ceases to hold office:
Provided that nothing contained in this clause shall apply to any employment under the Central Government or a State Government or local authority or in any statutory authority or any corporation established by or under any Central, State or provincial Act or a Government Company, as defined in clause (45) of section 2 of the Companies Act, 2013 (18 of 2013);
(b) act, for or on behalf of any person or organisation in connection with any specific proceeding or transaction or negotiation or a case to which the Authority is a party and with respect to which the Chairperson or such Member had, before cessation of office, acted for or provided advice to, the Authority;
(c) give advice to any person using information which was obtained in his capacity as the Chairperson or a Member and being unavailable to or not being able to be made available to the public; or
(d) enter, for a period of three years from his last day in office, into a contract of service with, accept an appointment to a board of directors of, or accept an offer of employment with, an entity with which he had direct and significant official dealings during his term of office.","Restrictions on Employment after Cessation of Office:

After leaving office for any reason, the Chairperson or a Member of the Aadhaar Authority cannot, without prior approval from the Central Government:

a) Take on any job or be involved in managing any organization, company, or entity that had any association with work carried out or contracted during their time as Chairperson or Member for a period of three years.
This does not apply to employment under the Central Government, State Government, local authority, statutory authority, corporation established under central, state, or provincial law, or a government company as defined in the Companies Act, 2013.

b) Act for or on behalf of any person or organization in connection with any specific proceedings, transactions, negotiations, or cases to which the Authority is a party and in which the Chairperson or Member had previously been involved.

c) Provide advice to any person using information obtained during their time as Chairperson or Member which is not available to the public.

d) Enter into a contract of service, accept an appointment to a board of directors, or take up employment with an entity they had direct and significant official dealings with during their term of office, for a period of three years."
"SECTION 18 of Aadhaar (Targeted Delivery of Financial and other Subsidies, Benefits and Services) Act, 2016
The Aadhaar (Targeted Delivery of Financial and other Subsidies, Benefits and Services) Act, 2016
18. Chief executive officer.-
(1) There shall be a chief executive officer of the Authority, not below the rank of Additional Secretary to the Government of India, to be appointed by the Central Government.
(2) The chief executive officer shall be the legal representative of the Authority and shall be responsible for-
(a) the day-to-day administration of the Authority;
(b) implementing the work programmes and decisions adopted by the Authority;
(c) drawing up of proposal for the Authority's decisions and work programmes;
(d) the preparation of the statement of revenue and expenditure and the execution of the budget of the Authority; and
(e) performing such other functions, or exercising such other powers, as may be specified by regulations.
(3) Every year, the chief executive officer shall submit to the Authority for approval-
(a) a general report covering all the activities of the Authority in the previous year;
(b) programmes of work;
(c) the annual accounts for the previous year; and
(d) the budget for the coming year.
(4) The chief executive officer shall have administrative control over the officers and other employees of the Authority.","Simplified text: Chief Executive Officer

The Aadhaar (Targeted Delivery of Financial and Other Subsidies, Benefits, and Services) Act, 2016

Section 18

(1) The Central Government shall appoint a chief executive officer for the Authority, who should hold a rank not lower than Additional Secretary to the Government of India.

(2) The chief executive officer's responsibilities include:

a) Managing the day-to-day operations of the Authority.

b) Implementing the Authority's work plans and decisions.

c) Developing proposals for the Authority's decisions and work plans.

d) Managing the Authority's budget, including revenue and expenditure statements.

e) Carrying out other functions and powers specified by regulations.

(3) Annually, the chief executive officer must present to the Authority for approval:

a) A comprehensive report on the Authority's activities in the previous year.

b) Work programs.

c) The previous year's financial statements.

d) The budget for the next year.

(4) The chief executive officer has administrative authority over the Authority's officers and employees.

"
"SECTION 19 of Aadhaar (Targeted Delivery of Financial and other Subsidies, Benefits and Services) Act, 2016
The Aadhaar (Targeted Delivery of Financial and other Subsidies, Benefits and Services) Act, 2016
19. Meetings of Authority.-
(1) The Authority shall meet at such times and places and shall observe such rules of procedure in regard to the transaction of business at its meetings, including quorum at such meetings, as may be specified by regulations.
(2) The Chairperson, or, if for any reason, he is unable to attend a meeting of the Authority, the senior most Member shall preside over the meetings of the Authority.
(3) All questions which come up before any meeting of the Authority shall be decided by a majority of votes by the Members present and voting and in the event of anequality of votes, the Chairperson or in his absence the presiding Member shall have a casting vote.
(4) All decisions of the Authority shall be signed by the Chairperson or any other Member or the Member-Secretary authorised by the Authority in this behalf.
(5) If any Member, who is a director of a company and who as such director, has any direct or indirect pecuniary interest in any manner coming up for consideration at a meeting of the Authority, he shall, as soon as possible after relevant circumstances have come to his knowledge, disclose the nature of his interest at such meeting and such disclosure shall be recorded in the proceedings of the Authority, and the Member shall not take part in any deliberation or decision of the Authority with respect to that matter.","Meetings of Authority:
- The Authority will meet at specified times and places and will follow rules for conducting meetings, including ensuring there are enough members present to make decisions (quorum).
- The Chairperson will preside over meetings. If the Chairperson is unable to attend, the most senior Member will lead the meetings.
- Decisions will be made by a majority vote of the Members present. If there is a tie, the Chairperson or the presiding Member will have the deciding vote.
- All decisions of the Authority must be signed by the Chairperson, another Member, or the Member-Secretary authorized by the Authority.
- If a Member is a director of a company and has a financial interest in a matter being considered, they must disclose their interest at the meeting, and this must be recorded in the Authority's proceedings. The Member cannot take part in the discussion or decision on that matter."
"SECTION 22 of Aadhaar (Targeted Delivery of Financial and other Subsidies, Benefits and Services) Act, 2016
The Aadhaar (Targeted Delivery of Financial and other Subsidies, Benefits and Services) Act, 2016
22. Transfer of assets, liabilities of Authority.-
On and from the establishment of the Authority-
(a) all the assets and liabilities of the Unique Identification Authority of India, established vide notification of the Government of India in the Planning Commission number A-43011/02/2009-Admin. I, dated the 28th January, 2009, shall stand transferred to, and vested in, the Authority.
Explanation.- The assets of such Unique Identification Authority of India shall be deemed to include all rights and powers, and all properties, whether movable or immovable, including, in particular, cash balances, deposits and all other interests and rights in, or arising out of, such properties as may be in the possession of such Unique Identification Authority of India and all books of account and other documents relating to the same; and liabilities shall be deemed to include all debts, liabilities and obligations of whatever kind;
(b) without prejudice to the provisions of clause (a), all data and information collected during enrolment, all details of authentication performed, debts, obligations and liabilities incurred, all contracts entered into and all matters and things engaged to be done by, with or for such Unique Identification Authority of India immediately before that day, for or in connection with the purpose of the said Unique Identification Authority of India, shall be deemed to have been incurred, entered into or engaged to be done by, with or for, the Authority;
(c) all sums of money due to the said Unique Identification Authority of India immediately before that day shall be deemed to be due to the Authority; and
(d) all suits and other legal proceedings instituted or which could have been instituted by or against such Unique Identification Authority of India immediately before that day may be continued or may be instituted by or against the Authority.","Transfer of Assets and Liabilities:

When the Authority is established, the following will happen:
All assets and liabilities of the Unique Identification Authority of India will be transferred to and become the responsibility of the Authority. This includes all rights, powers, properties, cash, and debts, as well as any contracts or legal matters previously handled by the Unique Identification Authority of India. Any money owed to the Unique Identification Authority of India will then be owed to the Authority, and any pending legal proceedings can be carried on by or against the Authority."
"SECTION 23 of Aadhaar (Targeted Delivery of Financial and other Subsidies, Benefits and Services) Act, 2016
The Aadhaar (Targeted Delivery of Financial and other Subsidies, Benefits and Services) Act, 2016
23. Powers and functions of Authority.-
(1) The Authority shall develop the policy, procedure and systems for issuing Aadhaar numbers to individuals and perform authentication thereof under this Act.
(2) Without prejudice to sub-section (1), the powers and functions of the Authority, inter alia, include-
(a) specifying, by regulations, demographic information and biometric information required for enrolment and the processes for collection and verification thereof;
(b) collecting demographic information and biometric information from any individual seeking an Aadhaar number in such manner as may be specified by regulations;
(c) appointing of one or more entities to operate the Central Identities Data Repository;
(d) generating and assigning Aadhaar numbers to individuals;
(e) performing authentication of Aadhaar numbers;
(f) maintaining and updating the information of individuals in the Central Identities Data Repository in such manner as may be specified by regulations;
(g) omitting and deactivating of an Aadhaar number and information relating thereto in such manner as may be specified by regulations;
(h) specifying the manner of use of Aadhaar numbers for the purposes of providing or availing of various subsidies, benefits, services and other purposes for which Aadhaar numbers may be used;
(i) specifying, by regulations, the terms and conditions for appointment of Registrars, enrolling agencies and service providers and revocation of appointments thereof;
(j) establishing, operating and maintaining of the Central Identities Data Repository;
(k) sharing, in such manner as may be specified by regulations, the information of Aadhaar number holders, subject to the provisions of this Act;
(l) calling for information and records, conducting inspections, inquiries and audit of the operations for the purposes of this Act of the Central Identities Data Repository, Registrars, enrolling agencies and other agencies appointed under this Act;
(m) specifying, by regulations, various processes relating to data management, security protocols and other technology safeguards under this Act;
(n) specifying, by regulations, the conditions and procedures for issuance of new Aadhaar number to existing Aadhaar number holder;
(o) levying and collecting the fees or authorising the Registrars, enrolling agencies or other service providers to collect such fees for the services provided by them under this Act in such manner as may be specified by regulations;
(p) appointing such committees as may be necessary to assist the Authority in discharge of its functions for the purposes of this Act;
(q) promoting research and development for advancement in biometrics and related areas, including usage of Aadhaar numbers through appropriate mechanisms;
(r) evolving of, and specifying, by regulations, policies and practices for Registrars, enrolling agencies and other service providers;
(s) setting up facilitation centres and grievance redressal mechanism for redressal of grievances of individuals, Registrars, enrolling agencies and other service providers;  (t) such other powers and functions as may be prescribed.
(3) The Authority may,-
(a) enter into Memorandum of Understanding or agreement, as the case may be, with the Central Government or State Governments or Union territories or other agencies for the purpose of performing any of the functions in relation to collecting, storing, securing or processing of information or delivery of Aadhaar numbers to individuals or performing authentication;
(b) by notification, appoint such number of Registrars, engage and authorise such agencies to collect, store, secure, process information or do authentication or perform such other functions in relation thereto,  as may be necessary for the purposes of this Act.
(4) The Authority may engage such consultants, advisors and other persons as may be required for efficient discharge of its functions under this Act on such allowances or remuneration and terms and conditions as may be specified by contract.","Simplified text: Powers and Functions of the Authority under the Aadhaar Act, 2016

1. The Authority's Responsibilities:
The Authority is responsible for creating the policy, procedure, and system for issuing Aadhaar numbers to individuals and authenticating them under this Act.

2. Additional Powers and Functions of the Authority include:
- Specifying the demographic and biometric information needed for enrollment, and the procedures for collection and verification.
- Collecting demographic and biometric information from individuals seeking an Aadhaar number.
- Appointing one or more entities to operate the Central Identities Data Repository.
- Assigning Aadhaar numbers to individuals and authenticating them.
- Maintaining and updating individuals' information in the Central Identities Data Repository.
- Deactivating Aadhaar numbers and related information as specified by regulations.
- Defining the use of Aadhaar numbers for providing subsidies, benefits, services, and other authorized purposes.
- Specifying terms and conditions for appointing Registrars, enrolling agencies, service providers, and revoking their appointments.
- Establishing, operating, and maintaining the Central Identities Data Repository.
- Sharing information of Aadhaar number holders as specified by regulations, subject to the provisions of this Act.
- Conducting inspections, inquiries, and audits relating to the operations under this Act.
- Specifying various processes related to data management, security protocols, and technology safeguards under this Act.
- Defining conditions and procedures for issuing new Aadhaar numbers to existing Aadhaar number holders.
- Levying and collecting fees for services provided under this Act.
- Appointing necessary committees to assist in the discharge of its functions.
- Promoting research and development in biometrics and related areas.
- Evolving and specifying policies and practices for Registrars, enrolling agencies, and other service providers.
- Setting up facilitation centers and grievance redressal mechanisms.
- Exercising any other powers and functions as prescribed.

3. Authority's Collaborations:
The Authority may enter into agreements with the government or other agencies to carry out its functions. It may also appoint Registrars and engage agencies as necessary through notification.

4. Engagement of Consultants and Advisors:
The Authority may engage consultants, advisors, and other necessary personnel to efficiently carry out its functions as specified by contract."
"SECTION 26 of Aadhaar (Targeted Delivery of Financial and other Subsidies, Benefits and Services) Act, 2016
The Aadhaar (Targeted Delivery of Financial and other Subsidies, Benefits and Services) Act, 2016
26. Accounts and audit.-
(1) The Authority shall maintain proper accounts and other relevant records and prepare an annual statement of accounts in such form as may be prescribed by the Central Government in consultation with the Comptroller and Auditor-General of India.
(2) The accounts of the Authority shall be audited annually by the Comptroller and Auditor-General of India at such intervals as may be specified by him and any expenditure incurred in connection with such audit shall be payable by the Authority to the Comptroller and Auditor-General.
(3) The Comptroller and Auditor-General of India and any person appointed by him in connection with the audit the accounts of the Authority under this Act shall have the same rights and privileges and authority in connection with such audit as the Comptroller and Auditor-General generally has in connection with the audit of Government accounts, and in particular, shall have the right to demand production of books, accounts, connected vouchers and other documents and papers, and to inspect any of the offices of the Authority.
(4) The accounts of the Authority, as certified by the Comptroller and Auditor-General of India or any other person appointed by him in this behalf, together with the audit report thereon shall be forwarded annually to the Central Government by the Authority and the Central Government shall cause the audit report to be laid, as soon as may be after it is received, before each House of Parliament.","Simplified text: 

Accounts and Audit of Aadhaar Authority:

The Aadhaar Authority is required to maintain accurate accounts and relevant records. It must prepare an annual financial statement in a format prescribed by the Central Government in consultation with the Comptroller and Auditor-General of India.

The Authority's accounts will be audited annually by the Comptroller and Auditor-General of India at specified intervals. The Authority is responsible for the expenses related to this audit.

The Comptroller and Auditor-General of India, along with any appointees, has the same rights and authority to audit the Authority's accounts as they have when auditing government accounts. This includes the right to request production of documents and inspect the Authority's offices.

The certified accounts of the Authority, accompanied by the audit report, must be submitted annually to the Central Government. Upon receipt, the Central Government must promptly present the audit report to each House of Parliament."
"SECTION 27 of Aadhaar (Targeted Delivery of Financial and other Subsidies, Benefits and Services) Act, 2016
The Aadhaar (Targeted Delivery of Financial and other Subsidies, Benefits and Services) Act, 2016
27. Returns and annual report, etc.-
(1) The Authority shall furnish to the Central Government at such time and in such form and manner as may be prescribed or as the Central Government may direct, such returns and statements and particulars in regard to any matter under the jurisdiction of the Authority, as the Central Government may from time to time require.
(2) The Authority shall prepare, once in every year, and in such form and manner and at such time as may be prescribed, an annual report giving-
(a) a description of all the activities of the Authority for the previous years;
(b) the annual accounts for the previous year; and
(c) the programmes of work for coming year.
(3) A copy of the report received under sub-section (2) shall be laid by the Central Government, as soon as may be after it is received, before each House of Parliament.","Simplified text: Returns and Report for Aadhaar Authority:
The Aadhaar (Targeted Delivery of Financial and other Subsidies, Benefits and Services) Act, 2016
27. Returns and Annual Report, etc.-
(1) Reporting to Central Government: The Authority must provide the Central Government with required returns, statements, and details about matters under its authority, following the prescribed format and timeline, or as directed by the Central Government.
(2) Annual Report: The Authority must prepare an annual report once a year in the prescribed format, covering:
a) The description of all activities performed by the Authority in the past year.
b) The annual accounts for the previous year.
c) The upcoming year's work programs.
(3) Presentation to Parliament: The Central Government must lay a copy of the report received under subsection (2) before each House of Parliament, as soon as feasible after receiving it."
"SECTION 28 of Aadhaar (Targeted Delivery of Financial and other Subsidies, Benefits and Services) Act, 2016
The Aadhaar (Targeted Delivery of Financial and other Subsidies, Benefits and Services) Act, 2016
Chapter VI
Protectionof Information
28. Security and confidentiality of information.-
(1) The Authority shall ensure the security of identity information and authentication records of individuals.
(2) Subject to the provisions of this Act, the Authority shall ensure confidentiality of identity information and authentication records of individuals.
(3) The Authority shall take all necessary measures to ensure that the information in the possession or control of the Authority, including information stored in the Central Identities Data Repository, is secured and protected against access, use or disclosure not permitted under this Act or regulations made thereunder, and against accidental or intentional destruction, loss or damage.
(4) Without prejudice to sub-sections (1) and (2), the Authority shall-
(a) adopt and implement appropriate technical and organisational security measures;
(b) ensure that the agencies, consultants, advisors or other persons appointed or engaged for performing any function of the Authority under this Act, have in place appropriate technical and organisational security measures for the information; and
(c) ensure that the agreements or arrangements entered into with such agencies, consultants, advisors or other persons, impose obligations equivalent to those imposed on the Authority under this Act, and require such agencies, consultants, advisors and other persons to act only on instructions from the Authority.
(5) Notwithstanding anything contained in any other law for the time being in force, and save as otherwise provided in this Act, the Authority or any of its officers or other employees or any agency that maintains the Central Identities Data Repository shall not, whether during his service or thereafter, reveal any information stored in the Central Identities Data Repository or authentication record to anyone:
Provided that an Aadhaar number holder may request the Authority to provide access to his identity information excluding his core biometric information in such manner as may be specified by regulations.","Simplified text: Protection of Information:
1. The Authority must keep the identity information and authentication records of individuals secure.
2. The Authority must keep the identity information and authentication records of individuals confidential, as long as it follows the rules of this Act.
3. The Authority must take all necessary steps to make sure the information it has, including what's stored in the Central Identities Data Repository, is kept safe. This includes being careful about who can access, use, or share it, and preventing accidentally or on purpose destroying, losing, or hurting it.
4. To achieve this, the Authority must:
a. Use and carry out the right security measures.
b. Make sure that the people or groups they ask to help them have the right security measures for the information.
c. Make sure that any agreements they make with these people or groups require them to do the same things as the Authority under this Act, and only act when the Authority tells them to.
5. Just like the law says in other places, the Authority and anyone who works for it or with it, or any group that takes care of the Central Identities Data Repository, can't tell anyone about the information stored there, unless the law says they can or if it's covered in this Act. However, an Aadhaar number holder can ask the Authority to access their identity information, except for their core biometric information, in the way that's set out in the rules."
"SECTION 29 of Aadhaar (Targeted Delivery of Financial and other Subsidies, Benefits and Services) Act, 2016
The Aadhaar (Targeted Delivery of Financial and other Subsidies, Benefits and Services) Act, 2016
29. Restriction on sharing information.-
(1) No core biometric information, collected or created under this Act, shall be-
(a) shared with anyone for any reason whatsoever; or
(b) used for any purpose other than generation of Aadhaar numbers and authentication under this Act.
(2) The identity information, other than core biometric information, collected or created under this Act may be shared only in accordance with the provisions of this Act and in such manner as may be specified by regulations.
1[(3) No identity information available with a requesting entity or offline verification-seeking entity shall be-
(a) used for any purpose, other than the purposes informed in writing to the individual at the time of submitting any information for authentication or offline verification; or
(b) disclosed for any purpose, other than purposes informed in writing to the individual at the time of submitting any information for authentication or offline verification:
Provided that the purposes under clauses (a) and (b) shall be in clear and precise language understandable to the individual.]
(4) No Aadhaar number 1[, demographic information or photograph] collected or created under this Act in respect of an Aadhaar number holder shall be published, displayed or posted publicly, except for the purposes as may be specified by regulations.
1. Subs. by Act 14 of 2019, s. 13, for sub-section (3) (w.e.f. 25-7-2019)","Restriction on sharing information in Aadhaar Act, 2016
29. Restriction on sharing biometric information.
(1) Core biometric information collected or created under this Act cannot be:
(a) shared with anyone for any reason; or
(b) used for any purpose other than generating Aadhaar numbers and authentication under this Act.
(2) Other identity information, excluding core biometric information, collected or created under this Act can only be shared according to the Act and as specified by regulations.
(3) Identity information available with a requesting entity or offline verification-seeking entity cannot be:
(a) used for any purpose other than those communicated in writing to the individual at the time of submitting the information for authentication or offline verification; or
(b) disclosed for any purpose other than those communicated in writing to the individual at the time of submitting the information for authentication or offline verification:
Provided that the purposes under clauses (a) and (b) shall be communicated clearly and precisely in language understandable to the individual.
(4) Aadhaar number, demographic information, or photograph collected or created under this Act for an Aadhaar number holder cannot be published, displayed, or posted publicly, except for the purposes specified by regulations."
"SECTION 30 of Aadhaar (Targeted Delivery of Financial and other Subsidies, Benefits and Services) Act, 2016
The Aadhaar (Targeted Delivery of Financial and other Subsidies, Benefits and Services) Act, 2016
30. Biometric information deemed to be sensitive personal information.-
The biometric information collected and stored in electronic form, in accordance with this Act and regulations made thereunder, shall be deemed to be ""electronic record"" and ""sensitive personal data or information"", and the provisions contained in the Information Technology Act, 2000 (21 of 2000) and the rules made thereunder shall apply to such information, in addition to, and to the extent not in derogation of the provisions of this Act.
Explanation.- For the purposes of this section, the expressions-
(a) ""electronic form"" shall have the same meaning as assigned to it in clause (r) of sub-section (1) of section 2 of the Information Technology Act, 2000 (21 of 2000);
(b) ""electronic record"" shall have the same meaning as assigned to it in clause (t) of sub-section (1) of section 2 of the Information Technology Act, 2000 (21 of 2000);
(c) ""sensitive personal data or information"" shall have the same meaning as assigned to it in clause (iii) of the Explanation to section 43A of the Information Technology Act, 2000 (21 of 2000).","Simplified text: Biometric Information:
The biometric information collected and stored electronically under this Act shall be considered as ""electronic record"" and ""sensitive personal data or information"". The Information Technology Act, 2000 and its rules will also apply to this information, in addition to the provisions of this Act. For the purpose of this section:
""electronic form"" means the same as defined in the Information Technology Act, 2000.
""electronic record"" means the same as defined in the Information Technology Act, 2000.
""sensitive personal data or information"" means the same as defined in the Information Technology Act, 2000."
"SECTION 31 of Aadhaar (Targeted Delivery of Financial and other Subsidies, Benefits and Services) Act, 2016
The Aadhaar (Targeted Delivery of Financial and other Subsidies, Benefits and Services) Act, 2016
31. Alteration of demographic information or biometric information.-
(1) In case any demographic information of an Aadhaar number holder is found incorrect or changes subsequently, the Aadhaar number holder shall request the Authority to alter such demographic information in his record in the Central Identities Data Repository in such manner as may be specified by regulations.
(2) In case any biometric information of Aadhaar number holder is lost or changes subsequently for any reason, the Aadhaar number holder shall request the Authority to make necessary alteration in his record in the Central Identities Data Repository in such manner as may be specified by regulations.
(3) On receipt of any request under sub-section (1) or sub-section (2), the Authority may, if it is satisfied, make such alteration as may be required in the record relating to such Aadhaar number holder and intimate such alteration to the concerned Aadhaar number holder.
(4) No identity information in the Central Identities Data Repository shall be altered except in the manner provided in this Act or regulations made in this behalf.","Alteration of Information:
If an Aadhaar number holder's demographic information is incorrect or changes, they should ask the Authority to update their information in the Central Identities Data Repository, as per the specified regulations.
If a Aadhaar number holder's biometric information is lost or changes, they should request the Authority to make the necessary updates in their record.
Upon receiving a request, the Authority can make the required alterations and inform the Aadhaar number holder.
Identity information in the Central Identities Data Repository cannot be changed except as specified in this Act or relevant regulations."
"SECTION 33 of Aadhaar (Targeted Delivery of Financial and other Subsidies, Benefits and Services) Act, 2016
The Aadhaar (Targeted Delivery of Financial and other Subsidies, Benefits and Services) Act, 2016
33. Disclosure of information in certain cases.-
(1) Nothing contained in sub-section (2) or sub-section (5) of section 28 or sub-section (2) of section 29 shall apply in respect of any disclosure of information, including identity information or authentication records, made pursuant to an order of a court not inferior to that of a 2[Judge of a High Court]:
Provided that no order by the court under this sub-section shall be made without giving an opportunity of hearing to the Authority 3[and the concerned Aadhaar number holder].
3[Provided further that the core biometric information shall not be disclosed under this sub-section.]
(2) Nothing contained in sub-section (2) or sub-section (5) of section 28 and clause (b) of sub-section (1), sub-section (2) or sub-section (3) of section 29 shall apply in respect of any disclosure of information, including identity information or authentication records, made in the interest of national security in  pursuance of a direction of an officer not below the rank of 1[Secretary] to the Government of India specially authorised in this behalf by an order of the Central Government:
Provided that every direction issued under this sub-section, shall be reviewed by an Oversight Committee consisting of the Cabinet Secretary and the Secretaries to the Government of India in the Department of Legal Affairs and the Department of Electronics and Information Technology, before it takes effect:
Provided further that any direction issued under this sub-section shall be valid for a period of three months from the date of its issue, which may be extended for a further period of three months after the review by the Oversight Committee.
1. Subs. by Act 14 of 2019, s. 13, for ""or core biometric information"" (w.e.f. 25-7-2019).
2. Subs. by s. 14, ibid., for ""District Judge"" (w.e.f. 25-7-2019).
3. Ins. by s. 14, ibid, (w.e.f. 25-7-2019).","Disclosure of Information:
When a court not below the rank of a Judge of a High Court orders disclosure of information, including identity details or authentication records, the court must allow the Aadhaar authority and the concerned Aadhaar number holder an opportunity to be heard. However, core biometric information cannot be disclosed in this case.

For the interest of national security, an officer not below the rank of a Secretary to the Government of India can direct the disclosure of information, including identity details or authentication records. This direction must be reviewed by an Oversight Committee before taking effect and is valid for three months, with the possibility of a further three-month extension."
"SECTION 38 of Aadhaar (Targeted Delivery of Financial and other Subsidies, Benefits and Services) Act, 2016
The Aadhaar (Targeted Delivery of Financial and other Subsidies, Benefits and Services) Act, 2016
38. Penalty for unauthorised access to the Central Identities Data Repository.-
Whoever, not being authorised by the Authority, intentionally,-
(a) accesses or secures access to the Central Identities Data Repository;
(b) downloads, copies or extracts any data from the Central Identities Data Repository or stored in any removable storage medium;
(c) introduces or causes to be introduced any virus or other computer contaminant in the Central Identities Data Repository;
(d) damages or causes to be damaged the data in the Central Identities Data Repository;
(e) disrupts or causes disruption of the access to the Central Identities Data Repository;
(f) denies or causes a denial of access to any person who is authorised to access the Central Identities Data Repository;
(g) reveals any information in contravention of sub-section (5) of section 28, or shares, uses or displays information in contravention of section 29 or assists any person in any of the aforementioned acts;
(h) destroys, deletes or alters any information stored in any removable storage media or in the Central Identities Data Repository or diminishes its value or utility or affects it injuriously by any means; or
(i) steals, conceals, destroys or alters or causes any person to steal, conceal, destroy or alter any computer source code used by the Authority with an intention to cause damage, shall be punishable with imprisonment for a term which may extend to 1[ten years] and shall also be liable to a fine which shall not be less than ten lakh rupees.
Explanation.- For the purposes of this section, the expressions ""computer contaminant"", ""computer virus"" and ""damage"" shall have the meanings respectively assigned to them in the Explanation to section 43 of the Information Technology Act, 2000 (21 of 2000), and the expression ""computer source code"" shall have the meaning assigned to it in the Explanation to section 65 of the said Act.
1. Subs. by Act 14 of 2019, s. 16 for ""three years"" (w.e.f. 25-7-2019).","Penalty for Unauthorized Access to Central Identities Data:

Unauthorized Access: Anyone who intentionally accesses or secures access to the Central Identities Data Repository without authorization is punishable.

Unauthorized Actions: This includes downloading, copying, or extracting data from the repository, introducing viruses, damaging data, disrupting access, denying authorized access, revealing information in breach of the law, and destroying or altering information in the repository.

Penalty: The punishment for these offenses can result in imprisonment for up to ten years and a fine of at least ten lakh rupees.

Explanation: The terms ""computer contaminant,"" ""computer virus,"" ""damage,"" and ""computer source code"" have the meanings given to them in the Information Technology Act, 2000."
"SECTION 43 of Aadhaar (Targeted Delivery of Financial and other Subsidies, Benefits and Services) Act, 2016
The Aadhaar (Targeted Delivery of Financial and other Subsidies, Benefits and Services) Act, 2016
43. Offences by companies.-
(1) Where an offence under this Act has been committed by a company, every person who at the time the offence was committed was in charge of, and was responsible to, the company for the conduct of the business of the company, as well as the company, shall be deemed to be guilty of the offence and shall be liable to be proceeded against and punished accordingly:
Provided that nothing contained in this sub-section shall render any such person liable to any punishment provided in this Act if he proves that the offence was committed without his knowledge or that he had exercised all due diligence to prevent the commission of such offence.
(2) Notwithstanding anything contained in sub-section (1), where any offence under this Act has been committed by a company and it is proved that the offence has been committed with the consent or connivance of, or is attributable to, any neglect on the part of any director, manager, secretary or other officer of the company, such director, manager, secretary or other officer shall also be deemed to be guilty of the offence and shall be liable to be proceeded against and punished accordingly.
Explanation.- For the purposes of this section-
(a) ""company"" means any body corporate and includes a firm or other association of individuals; and
(b) ""director"", in relation to a firm, means a partner in the firm.","Simplified text: Offenses by Companies:
When a company commits an offense under this law, the person in charge of the company at the time of the offense, as well as the company itself, will be considered guilty of the offense and can be prosecuted and punished for it. However, if the person can prove that they were not aware of the offense or had taken all necessary precautions to prevent it, they may not be punished.
Additionally, if it can be shown that the offense was committed with the consent of, or due to neglect by, a director, manager, secretary, or other officer of the company, then that person will also be considered guilty and can be prosecuted and punished for the offense.
For the purpose of this section:
- ""company"" refers to any legal entity, including a partnership or association of individuals.
- ""director,"" when pertaining to a partnership, refers to a partner in the partnership."
"SECTION 48 of Aadhaar (Targeted Delivery of Financial and other Subsidies, Benefits and Services) Act, 2016
The Aadhaar (Targeted Delivery of Financial and other Subsidies, Benefits and Services) Act, 2016
Chapter VIII
Miscellaneous
48. Power of Central Government to supersede Authority.-
(1) If, at any time, the Central Government is of the opinion,-
(a) that, on account of circumstances beyond the control of the Authority, it is unable to discharge the functions or perform the duties imposed on it by or under the provisions of this Act; or
(b) that the Authority has persistently defaulted in complying with any direction given by the Central Government under this Act or in the discharge of the functions or performance of the duties imposed on it by or under the provisions of this Act and as a result of such default the financial position of the Authority or the administration of the Authority has suffered; or
(c) that a public emergency exists, the Central Government may, by notification, supersede the Authority for such period, not exceeding six months, as may be specified in the notification and appoint a person or persons as the President may direct to exercise powers and discharge functions under this Act:
Provided that before issuing any such notification, the Central Government shall give a reasonable opportunity to the Authority to make representations against the proposed supersession and shall consider the representations, if any, of the Authority.
(2) Upon the publication of a notification under sub-section (1), superseding the Authority,-
(a) the Chairperson and other Members shall, as from the date of supersession, vacate their offices as such;
(b) all the powers, functions and duties which may, by or under the provisions of this Act, be exercised or discharged by or on behalf of the Authority shall, until the Authority is reconstituted under sub-section (3), be exercised and discharged by the person or persons referred to in sub-section (1); and
(c) all properties owned or controlled by the Authority shall, until the Authority is reconstituted under sub-section (3), vest in the Central Government.
(3) On or before the expiration of the period of supersession specified in the notification issued under sub-section (1), the Central Government shall reconstitute the Authority by a fresh appointment of its Chairperson and other Members and in such case any person who had vacated his office under clause (a) of sub-section (2) shall not be deemed to be disqualified for reappointment.
(4) The Central Government shall cause a copy of the notification issued under sub-section (1) and a full report of any action taken under this section and the circumstances leading to such action to be laid before each House of Parliament at the earliest.","Power to Replace Authority:
If, due to certain circumstances, the Central Government believes that the Authority:
- cannot fulfill its duties and responsibilities under the law,
- persistently does not follow directions given by the Central Government, or
- there is a public emergency

The Central Government can take over the Authority for a maximum of six months, through a notification. During this period:
- The Chairperson and other members of the Authority will be removed from their positions.
- The powers, functions, and duties of the Authority will be performed by the person or persons appointed by the Central Government.
- All properties owned or controlled by the Authority will become the responsibility of the Central Government.

Within the specified period, the Central Government must reestablish the Authority by appointing a new Chairperson and Members. Any previously removed person can be reappointed. 

The Central Government must inform both Houses of Parliament about the notification and actions taken under this provision as soon as possible."
"SECTION 53 of Aadhaar (Targeted Delivery of Financial and other Subsidies, Benefits and Services) Act, 2016
The Aadhaar (Targeted Delivery of Financial and other Subsidies, Benefits and Services) Act, 2016
53. Power of Central Government to make rules.-
(1) The Central Government may, by notification, make rules to carry out the provisions of this Act.
(2) In particular, and without prejudice to the generality of the foregoing power, such rules may provide for all or any of the following matters, namely:-
(a) the form and manner in which and the authority before whom the oath of office and of secrecy is to be subscribed by the Chairperson and Members under sub-section (2) of section 14;
3[(aa) the purpose for which the requesting entity may be allowed by the Authority to perform authentication under sub-clause (ii) of clause (b) of sub-section (4) of section 4;]
(b) the salary and allowances payable to, and other terms and conditions of service of, the Chairperson and the allowances or remuneration payable to Members of the Authority under sub-section (4) of section 14;
(c) the other powers and functions of the Chairperson of the Authority under section 17;
(d) the other powers and functions of the Authority under clause (t) of sub-section (2) of section 23;
(e) the form of annual statement of accounts to be prepared by Authority under sub-section (1) of section 26;
(f) the form and the manner in which and the time within which returns and statements and particulars are to be furnished under sub-section (1) of section 27;
(g) the form and the manner and the time at which the Authority shall furnish annual report under sub-section (2) of section 27;
1[(ga) the qualification and experience of, and the manner of appointment of, the Adjudicating Officer under sub-section (1) of section 33B;
(gb) the form, manner, and fee for an appeal to be filed under sub-section (2) of section 33C;]
(h) any other matter which is required to be, or may be, prescribed, or in respect of which provision is to be or may be made by rules.
1. Ins. by Act 14 of 2019, s. 23 (w.e.f. 25-7-2019).
3. Ins. by s. 23, ibid, (w.e.f. 25-7-2019).","Simplified text: SECTION 53 of Aadhaar Act, 2016
This section of the Aadhaar Act, 2016 gives the Central Government the power to make rules to carry out the provisions of this Act.

The rules may cover various matters, including:
- The process for taking an oath of office and secrecy by the Chairperson and Members.
- The purpose for which the requesting entity may be allowed to perform authentication.
- Salary, allowances, and terms of service for the Chairperson and Members of the Authority.
- Powers and functions of the Chairperson and the Authority.
- The preparation of the annual statement of accounts by the Authority.
- The requirements for furnishing returns, statements, and particulars.
- The filing of an appeal and related processes.
- Qualifications, experience, and the appointment process for the Adjudicating Officer.
- Any other matter that needs to be prescribed by rules."
"SECTION 54 of Aadhaar (Targeted Delivery of Financial and other Subsidies, Benefits and Services) Act, 2016
The Aadhaar (Targeted Delivery of Financial and other Subsidies, Benefits and Services) Act, 2016
54. Power of Authority to make regulations.-
(1) The Authority may, by notification, make regulations consistent with this Act and the rules made thereunder, for carrying out the provisions of this Act.
(2) In particular, and without prejudice to the generality of the foregoing power, such regulations may provide for all or any of the following matters, namely:-
2[(a) the entities or group of entities in the Aadhaar ecosystem under clause (aa), the biometric information under clause (g) and the demographic information under clause (k), the process of collecting demographic information and biometric information from the individuals by enrolling agencies under clause (m), and the modes of offline verification of Aadhaar number holder under clause (pa) of section 2;]
(b) the manner of verifying the demographic information and biometric information for issue of Aadhaar number under sub-section (3) of section 3;
3[(ba) the manner of generating an alternative virtual identity under sub-section (4) of section 3;
(bb) the manner in which cancellation of an Aadhaar number may be carried out under sub-section (2) of section 3A;]
(c) the conditions for accepting an Aadhaar number as proof of identity of the Aadhaar number holder under sub-section (3) of section 4;
3[(ca) standards of privacy and security to be complied with by the requesting entities under sub-section (4) of section 4;
(cb) the classification of requesting entities under sub-section (5) of section 4;]
(d) the other categories of individuals under section 5 for whom the Authority shall take special measures for allotment of Aadhaar number;
(e) the manner of updating biometric information and demographic information under section 6;
(f) the procedure for authentication of the Aadhaar number under section 8;
1[(fa) the alternate and viable means of identification of individual under the proviso to clause (b) of sub-section (2) of section 8;
(fb) the manner of obtaining consent under clause (a) of sub-section (2), the manner of providing information to the individual undergoing offline verification under sub-section (3), and the obligations of offline verification-seeking entities under clause (c) of sub-section (4) of section 8A;]
(g) the other functions to be performed by the Central Identities Data Repository under section 10;
(h) the time and places of meetings of the Authority and the procedure for transaction of business to be followed by it, including the quorum, under sub-section (1) of section 19;
(i) the salary and allowances payable to, and other terms and conditions of service of, the chief executive officer, officers and other employees of the Authority under sub-section (2) of section 21;
(j) the demographic information and biometric information under clause (a) and the manner of their collection under clause (b) of sub-section (2) of section 23;
(k) the manner of maintaining and updating the information of individuals in the Central Identities Data Repository under clause (f) of sub-section (2) of section 23;
(l) the manner of omitting and deactivating an Aadhaar number and information relating thereto under clause (g) of sub-section (2) of section 23;
(m) the manner of use of Aadhaar numbers for the purposes of providing or availing of various subsidies, benefits, services and other purposes for which Aadhaar numbers may be used under clause (h) of sub-section (2) of section 23;
(n) the terms and conditions for appointment of Registrars, enrolling agencies and other service providers and the revocation of appointments thereof under clause (i) of sub-section (2) of section 23;
(o) the manner of sharing information of Aadhaar number holder under clause (k) of sub-section (2) of section 23;
(p) various processes relating to data management, security protocol and other technology safeguards under clause (m) of sub-section (2) of section 23;
(q) the procedure for issuance of new Aadhaar number to existing Aadhaar number holder under clause (n) of sub-section (2) of section 23;
(r) manner of authorising Registrars, enrolling agencies or other service providers to collect such fees for services provided by them under clause (o) of sub-section (2) of section 23;
(s) policies and practices to be followed by the Registrar, enrolling agencies and other service providers under clause (r) of sub-section (2) of section 23;
(t) the manner of accessing the identity information by the Aadhaar number holder under the proviso to sub-section (5) of section 28;
(u) the manner of sharing the identity information, other than core biometric information, collected or created under this Act under sub-section (2) of section 29;
(v) the manner of alteration of demographic information under sub-section (1) and biometric information under sub-section (2) of section 31;
(w) the manner of and the time for maintaining the request for authentication and the response thereon under sub-section (1), and the manner of obtaining, by the Aadhaar number holder, the authentication records under sub-section (2) of section 32;
(x) any other matter which is required to be, or may be, specified, or in respect of which provision is to be or may be made by regulations.
1. Ins. by Act 14 of 2019 (w.e.f. 25-7-2019).
2. Subs. by s. 24, ibid., for clause (a) (w.e.f. 25-7-2019).
3. Ins. by s. 24, ibid, (w.e.f. 25-7-2019).","Authority's Power to Make Regulations:

The Aadhaar Authority has the power to create regulations, following the guidelines in this Act and its associated rules, to carry out the provisions of the Act.

Specific Matters for Regulations: These regulations may cover the following matters, including but not limited to:

- Entities and biometric and demographic information in the Aadhaar ecosystem, the process of gathering this information, and the methods of offline verification of Aadhaar numbers.
- Verifying demographic and biometric information for issuing Aadhaar numbers.
- Generating alternative virtual identities and canceling Aadhaar numbers.
- Conditions for accepting Aadhaar numbers as proof of identity.
- Standards for privacy and security for entities requesting information.
- Special measures for allotting Aadhaar numbers to specific categories of individuals.
- Updating biometric and demographic information.
- Authentication of Aadhaar numbers and alternative means of identification.
- Functions of the Central Identities Data Repository.
- Meeting schedules and procedures for the Authority's transactions and business.
- Compensation, allowances, and terms of service for Authority employees.
- Collection and maintenance of individuals' information in the Central Identities Data Repository.
- Use of Aadhaar numbers for subsidies, benefits, and services.
- Appointment and revocation of Registrars, enrolling agencies, and service providers.
- Sharing information of Aadhaar number holders.
- Policies and practices for Registrars, enrolling agencies, and service providers.
- Accessing and sharing identity information.
- Alteration of demographic and biometric information.
- Maintenance of authentication records and response requests.
- Any other matters requiring specification or regulation."
"SECTION 55 of Aadhaar (Targeted Delivery of Financial and other Subsidies, Benefits and Services) Act, 2016
The Aadhaar (Targeted Delivery of Financial and other Subsidies, Benefits and Services) Act, 2016
55. Laying of rules and regulations before Parliament.-
Every rule and every regulation made under this Act shall be laid, as soon as may be after it is made, before each House of Parliament, while it is in session, for a total period of thirty days which may be comprised in one session or in two or more successive sessions, and if, before the expiry of the session immediately following the session or the successive sessions aforesaid, both Houses agree in making any modification in the rule or regulation, or both the Houses agree that the rule or regulation should not be made, the rule or regulation shall thereafter have effect only in such modified form or be of no effect, as the case may be; so, however, that any such modification or annulment shall be without prejudice to the validity of anything previously done under that rule or regulation.","Here's the simplified version of Section 55 of the Aadhaar (Targeted Delivery of Financial and other Subsidies, Benefits and Services) Act, 2016:

When Parliament discusses rules and regulations – Whenever a rule or regulation is created under this Act, it must be presented to both Houses of Parliament. They have a total of 30 days to consider it across one session or multiple sessions. If both Houses agree, they can make changes to the rule or decide not to implement it. Any changes or annulments won't affect actions taken under the initial rule or regulation."
"SECTION 2 of Academy of Scientific and Innovative Research, 2011
The Academy of Scientific and Innovative Research, 2011
2. Definitions.-
In this Act, and in all Statutes and Ordinances made thereunder, unless the context otherwise requires,-
(a) ""Academy"" means the Academy of Scientific and Innovative Research established under subsection (1) of section 3;
(b) ""Board"" means the Board of Governors of the Academy of Scientific and Innovative Research referred to in section 10;
(c) ""Council of Scientific and Industrial Research"" means a society registered by the name of the Council of Scientific and Industrial Research under the Societies Registration Act, 1860 (21 of 1860);
(d) ""Chairperson"" means the Chairperson of the Board appointed under section 12;
(e) ""Chancellor"" means the Chancellor of the Academy referred to in section 20;
(f) ""Director"" means the Director of the Academy appointed under section 22;
(g) ""distinguished scientists"" or ""outstanding scientists"" of the Council of Scientific and Industrial Research means scientists of the Council of Scientific and Industrial Research designated as such;
(h) ""existing Academy"" means the Academy of Scientific and Innovative Research established in pursuance of the Resolution of the Government of India in the Ministry of Science and Technology, Department of Scientific and Industrial Research, Council of Scientific and Industrial Research, vide No. 6/1/CSIR-Ac SIR/2010-PPD, dated the 1st July, 2010;
(i) ""Faculty of the Academy"" means Academy Professors, Professors of Eminence, Distinguished Professors, Outstanding Professors, Senior Professors, Emeritus Professors, Professors, Associate Professors, Assistant Professors, visiting faculty, and such other persons as may be appointed for imparting instruction or conducting research in the Academy or institutions maintained by the Academy and includes the scientists of Council of Scientific and Industrial Research assigned for imparting instruction or conducting research;
(j) ""notification"" means a notification published in the Official Gazette;
(k) ""Statutes and Ordinances"" means the Statutes and the Ordinances of the Academy for the time being in force.
1. 3rd April, 2012 [except sub-section (2) of section 5], vide notification No. S.O. 709(E), dated 2nd April, 2012, see Gazette of India, Extraordinary, Part II, sec. 3(ii).


  26th June, 2013 [sub-sec. (2) of section 5], vide notification No. S.O. 1850(E), dated 26th June, 2013, see Gazette of India, Extraordinary, Part II, sec. 3(ii).
*. Vide notification No. S.O. 3912(E), dated 30th October, 2019, this Act is made applicable to the Union territory of Jammu and Kashmir and the Union territory of Ladakh.","Simplified text: Definitions:
- Academy: Refers to the Academy of Scientific and Innovative Research established under section 3.
- Board: Refers to the Board of Governors of the Academy of Scientific and Innovative Research mentioned in section 10.
- Council of Scientific and Industrial Research: Refers to a society registered under the name of the Council of Scientific and Industrial Research under the Societies Registration Act, 1860.
- Chairperson: Refers to the Chairperson of the Board appointed under section 12.
- Chancellor: Refers to the Chancellor of the Academy mentioned in section 20.
- Director: Refers to the Director of the Academy appointed under section 22.
- Distinguished and Outstanding Scientists: Refers to scientists designated as such by the Council of Scientific and Industrial Research.
- Existing Academy: Refers to the Academy of Scientific and Innovative Research established as per the Resolution of the Government of India under the Ministry of Science and Technology, Department of Scientific and Industrial Research, Council of Scientific and Industrial Research, vide No. 6/1/CSIR-Ac SIR/2010-PPD, dated 1st July, 2010.
- Faculty of the Academy: Refers to various categories of academic staff, including professors, visiting faculty, and scientists from the Council of Scientific and Industrial Research, appointed for teaching and research purposes within the Academy.

Date of enactment and applicability: The Act was enacted on 3rd April, 2012, except for sub-section (2) of section 5. It was made applicable to the Union territory of Jammu and Kashmir and the Union territory of Ladakh on 30th October, 2019, by notification No. S.O. 3912(E).

Notes: The statutes and ordinances mentioned refer to the rules and regulations currently in force for the Academy."
"SECTION 4 of Academy of Scientific and Innovative Research, 2011
The Academy of Scientific and Innovative Research, 2011
4. Objects of Academy.-
(1) The objects of the Academy shall be to-
(a) disseminate advanced knowledge in science and technology, by providing teaching and research facilities in such branches of learning as it may deem fit, particularly in emerging areas and such areas as may emerge in future;
(b) undertake inter-disciplinary studies and research;
(c) conduct courses in, and integrate into its courses, inter-disciplinary and multi-disciplinary areas covering natural sciences, life sciences, mathematical and computational sciences, medical sciences, engineering, applied art, humanities, social sciences, law relating to these areas and interfaces thereof;
(d) take appropriate measures for innovations in teaching and learning processes;
(e) create an ambience for learning and scholarship in advanced science and technology instead of exclusively focusing on marks or grades;
(f) educate and train manpower in scientific and technological fields;
(g) establish linkages with industries in India and outside India for the promotion of science and technology;
(h) collaborate, in appropriate areas in the field of science and technology, with reputed universities and institutions in India or outside India;
(i) promote research in science and technology having a bearing on social, economic, cultural, intellectual and academic welfare of the people.
(2) The Academy shall primarily focus on research and imparting instruction in such areas as are not ordinarily taught in regular academic universities in India.
(3) The curricula, pedagogy and evaluation of the Academy shall be innovative and directed towards creating highest quality personnel with cross-disciplinary knowledge, aiming to provide leaders in the field of science and technology.","Simplified text: Academy of Scientific and Innovative Research, 2011
Objectives of Academy:
The Academy aims to:
Disseminate Advanced Knowledge: Provide teaching and research facilities in various fields of science and technology, with a focus on emerging and future areas.
Undertake Interdisciplinary Studies: Conduct studies and research that span across different disciplines.
Integrate Diverse Areas: Offer courses and integrate interdisciplinary and multidisciplinary areas covering various sciences, engineering, arts, humanities, and social sciences.
Promote Innovation: Take measures to innovate teaching and learning methods.
Create a Learning Environment: Focus on fostering learning and scholarship in advanced science and technology, rather than solely emphasizing grades.
Educate and Train Manpower: Provide education and training in scientific and technological fields.
Establish Industry Partnerships: Create connections with industries in India and abroad to promote science and technology.
Collaborate with Universities and Institutions: Partner with reputable universities and institutions in India or abroad in the field of science and technology.
Promote Relevant Research: Encourage research in science and technology that impacts the social, economic, cultural, and academic welfare of the people.
Focus on Specialized Areas: Concentrate on research and instruction in areas not typically taught in traditional universities in India.
Innovative Curriculum and Evaluation: Develop innovative curricula, pedagogy, and evaluation methods aimed at producing high-quality personnel with cross-disciplinary knowledge to become leaders in the field of science and technology."
"SECTION 5 of Academy of Scientific and Innovative Research, 2011
The Academy of Scientific and Innovative Research, 2011
5. Relationship of Academy with Council of Scientific and Industrial Research.-
(1) The Academy shall be, provided, or, allowed to use, the infrastructure and scientific manpower of the Council of Scientific and Industrial Research for teaching and research purposes for mutual benefit.
(2) The Academy, within two weeks of the commencement of this Act, shall, notwithstanding anything contained in any other Act, rules, regulations or bye-laws for the time being in force, enter into a Memorandum of Understanding with the Council of Scientific and Industrial Research, for the purposes of its affiliation with the Academy for the purposes of academics, teaching and award of degrees or diplomas, and, the persons pursuing the studies in the Council for award of any degree or diploma, after entering of such Memorandum of Understanding, be awarded degrees or diplomas by the said Academy:
Provided that any person pursuing any academic or research course, before the commencement of this Act, in the Council of Scientific and Industrial Research for award of any degree or diploma and registered for the said purpose with any other university, may, with the approval of the university with which such person is registered, migrate after such commencement to the Academy established under this Act and be registered with the said Academy for grant of the same degree or diploma by the Academy established under this Act and such person shall be deemed to have migrated and registered with the Academy established under this Act at the same level of study in the university from which such person migrated.
(3) Nothing contained in sub-section (1) or sub-section (2) shall be construed to affect the functions or powers of the Council of Scientific and Industrial Research, being discharged or exercised, before the commencement of this Act, by the Council or to affiliate with any other university or institution for the purposes of academics, teaching and award of degrees or diplomas or for any other purposes necessary for pursuing its objects.","Relationship with Council of Scientific and Industrial Research:
The Academy of Scientific and Innovative Research (Academy) is allowed to use the resources and scientific personnel of the Council of Scientific and Industrial Research (Council) for teaching and research, for mutual benefit.

Memorandum of Understanding:
The Academy must enter into a Memorandum of Understanding with the Council within two weeks of the start of this law. This is for their affiliation and to award degrees or diplomas to students studying within the Council. Any person studying in the Council for a degree or diploma before this law started and registered with another university can transfer to the Academy for the same degree or diploma with the approval of the original university.

Council's Functions:
The law does not affect the Council's functions or powers before the start of this law. The Council can still affiliate with other universities or institutions for academic, teaching, or awarding degrees or diplomas, as needed to achieve its objectives."
"SECTION 7 of Academy of Scientific and Innovative Research, 2011
The Academy of Scientific and Innovative Research, 2011
7. Transfer of assets, liabilities, etc., of existing Academy to Academy established under this Act and other provisions, etc.-
(1) On and from the date of establishment of the Academy,-
(a) any reference to the existing Academy in any law other than this Act or in any contract or other instrument shall be deemed as a reference to the Academy;
(b) all properties and assets, movable and immovable, of, or belonging to, the existing Academy, shall vest in the Academy;
(c) all rights and liabilities of the existing Academy shall be transferred to, and be the rights and liabilities of, the Academy;
(d) without prejudice to the provisions of clause (c), all debts, obligations and liabilities incurred, all contracts entered into and all matters and things engaged to be done by, with or for the existing Academy immediately before that date, for or in connection with the purpose of the said existing Academy shall be deemed to have been incurred, entered into or engaged to be done by, with or for, the Academy;
(e) all sums of money due to the existing Academy immediately before that date shall be deemed to be due to the Academy;
(f) all suits and other legal proceedings instituted or which could have been instituted by or against the existing Academy immediately before that date may be continued or may be instituted by or against the Academy;
(g) every employee (including those appointed for imparting instruction or conducting research in the existing Academy) holding any office under the existing Academy or teaching therein immediately before that date shall hold his office in the Academy or continue teaching therein by the same tenure and upon the same terms and conditions of service as respects remuneration, leave, provident fund, retirement and other terminal benefits as he would have held such office if the Academy had not been established and shall continue to do so as an employee of the Academy or until the expiry of the period of six months from that date if such employee opts not to be the employee of the Academy within such period.
(2) Any person pursuing any academic or research course, before the commencement of this Act, in the existing Academy for award of any degree or diploma or certificate shall be entitled to pursue such academic or research course after the establishment of the Academy under this Act and be registered with the said Academy for grant of the same degree or diploma or certificate by the Academy established under this Act and such person shall be deemed to have migrated and registered with the Academy established under this Act at the same level of study in the existing Academy from which such person migrated.
(3) Any person, who immediately before the commencement of this Act, had been awarded a degree or diploma or certificate for having qualified any course by the existing Academy, shall be entitled to award of equivalent degree or diploma by the Academy subject to approval by the Board of the Academy. 
(4) Notwithstanding anything contained in the Industrial Disputes Act, 1947 (14 of 1947) or in any other law for the time being in force, absorption of any employee by the Academy in its regular service under this section shall not entitle such employee to any compensation under that Act or other law and no such claim shall be entertained by any court, tribunal or other authority.","Simplified text: Transfer of Assets, Liabilities, etc., of Existing Academy
When the Academy was established: 

1. All references to the existing Academy in any law or contract will now refer to the new Academy.
2. All properties, assets, rights, and liabilities of the existing Academy will transfer to the new Academy.
3. All debts, obligations, contracts, and matters related to the existing Academy will now be with the new Academy.
4. All money owed to the existing Academy will be owed to the new one.
5. Any ongoing legal proceedings involving the existing Academy will continue with the new Academy.
6. Employees of the existing Academy will continue to work for the new Academy under the same terms, unless they choose otherwise within six months.
7. Students pursuing courses at the existing Academy will be able to continue and receive their degrees, diplomas, or certificates from the new Academy.
8. Individuals who received degrees, diplomas, or certificates from the existing Academy will be eligible for equivalent credentials from the new Academy, subject to approval by the Academy's Board.
9. The absorption of existing Academy employees by the new Academy will not entitle the employees to compensation under the Industrial Disputes Act or any other law."
"SECTION 8 of Academy of Scientific and Innovative Research, 2011
The Academy of Scientific and Innovative Research, 2011
8. Functions and powers of Academy.-
(1) The Academy shall discharge its functions and exercise the following powers, namely:-
(i) to provide for instructions and conduct research in such branches of learning like natural sciences, life sciences, mathematical and computational sciences, medical sciences, engineering, applied art, humanities, social sciences, law relating to these areas and interfaces thereof, and in particular, in inter-disciplinary and multi-disciplinary areas of these branches, and in all such areas as may emerge in future and other emerging areas of knowledge, as the Academy may from time to time determine and make provision for advancement and dissemination of knowledge;
(ii)to lay administrative standards and structures and decide on all matters of creation of posts, laying down standards for recruitment, determining compensation packages, and contractual arrangements;
(iii)to design its curriculum and pedagogy for award of diplomas or certificates and confer degrees or other academic distinctions as it may deem fit;
(iv) to grant, subject to such conditions as the Academy may determine, diplomas or certificates and confer degrees or other academic distinctions on the basis of such methods of evaluation and to hold its examinations, as the Academy may, from time to time, determine and to withdraw any such diplomas, certificates, degrees or other academic distinctions for good and sufficient cause;
(v) to frame Statutes and Ordinances and to alter, modify or rescind the same;
(vi) toorganise and undertake extramural studies, training and extension services;
(vii) to confer honorary degrees or other distinctions;
(viii) to provide distance education in such branches of learning and to such persons as it may determine;
(ix) to institute professorships, associate professorships and assistant professorships including Academy Professors, Professors of Eminence, Distinguished Professors, Outstanding Professors, Senior Professors, Emeritus Professors, or visiting positions and other teaching or academic or other positions, required by the Academy and to make appointments to such positions;
(x) to appoint persons from any other university, or institution, or industry, or persons of eminence from appropriate fields of studies, including those outside the country, as Faculty of the Academy;
(xi) to create administrative, ministerial and other posts and to make appointments thereto;
(xii) to co-operate or collaborate or associate with any body including, any university or institution, or industry, located in India or outside India;
(xiii) to establish such centres and specialised laboratories or other units for research and instruction as may be required;
(xiv) to set up schools, centres and campuses and function therefrom or conduct classes from any place of its choice, including the premises of laboratories or other centres of the Council of Scientific and Industrial Research;
(xv) to institute and award fellowships, scholarships, studentships, medals and prizes;
(xvi) to conduct research, advisory and consultancy services with or for any entity, public or private, whether in India or outside India, which are in conformity with the spirit and object of the Academy;
(xvii) to engage scientists of the Council of Scientific and Industrial Research as Faculty in imparting instruction and conducting research in the Academy; 
(xviii) to establish, maintain and manage institutions and hostels for residence of students or establish and maintain such institutions through the Council of Scientific and Industrial Research or any other body;
(xix) to fix, demand and receive payment of fees and other charges;
(xx) to determine the standards of admission to the Academy, which may include examination, other innovative models of testing or evaluation;
(xxi) to supervise the residences of the students of the Academy and to make arrangements for promoting their health, general welfare, cultural and corporate life;
(xxii) to lay down conditions of service for all categories of employees, including their code of conduct;
(xxiii) to regulate and enforce discipline, among the students and employees and to take such disciplinary measures in this regard as may be necessary;
(xxiv) to make arrangements for promoting the health and general welfare of the employees;
(xxv) to receive grants, benefactions, donations, gifts, bequests and transfer or acquire, hold and manage and dispose of any property movable or immovable, including trust and endowment properties for the purposes of the Academy:
Provided that no such grants, benefactions, donations, gifts, bequests and transfer shall be accepted by the Academy which in the opinion of the Board involves conditions or obligations opposed to the spirit and object of this Act;
(xxvi) to borrow, on the security of property of the Academy or otherwise, money for the purposes of the Academy or utilise its property for such purposes as are in conformity with the spirit and object of this Act;
(xxvii) to do all such other acts and things as may be necessary, incidental or conducive to the attainment of all or any of its objects.
(2) In exercising its powers referred to in sub-section (1), it shall be the endeavour of the Academy to maintain an all India character and high standards of teaching and research, and, the Academy shall, among other measures which may be necessary for the said purpose, take, in particular, the following measures, namely:-
(i) subject to the provisions of section 9, the admission of students shall be made on merit;
(ii) continuous evaluation or other innovative methods of evaluation and choice based credit system may be introduced and the Academy may enter into agreements with other universities and academic institutions in India or outside India for credit transfer and joint degree programmes;
(iii) innovative courses and programmes of studies shall be introduced with a provision for periodic review and restructuring;
(iv) the imparting of instruction shall be, as far as may be, through use of modern techniques or technologies;
(v) the systems and structures of the Academy should be flexible to adapt to the requirements of multi-disciplinary and inter-disciplinary studies;
(vi) active participation of students may be ensured in governance of academic matters of the Academy.","The simplified version of this legal text is:

Functions and Powers of the Academy of Scientific and Innovative Research, 2011

The Academy of Scientific and Innovative Research has the following functions and powers:

1. Provide instructions and conduct research in various branches of learning, including natural sciences, life sciences, mathematical and computational sciences, medical sciences, engineering, applied art, humanities, social sciences, and related areas. This also includes inter-disciplinary and multi-disciplinary areas of study, as well as emerging areas of knowledge, as determined by the Academy.

2. Establish administrative standards and structures, decide on the creation of positions, recruitment standards, compensation packages, and contractual arrangements.

3. Design curriculum, pedagogy, and confer degrees, diplomas, and other academic distinctions as deemed suitable.

4. Grant diplomas, certificates, degrees, and academic distinctions under specified conditions, hold examinations, and withdraw such awards for cause.

5. Frame Statutes and Ordinances, and alter, modify, or rescind the same.

6. Organize and provide extramural studies, training, extension services, and confer honorary degrees or other distinctions.

7. Provide distance education and institute and appoint academic positions.

8. Collaborate with any body, including universities, institutions, or industries, within or outside India.

9. Establish specialized laboratories, research centers, schools, and campuses.

10. Institute and award fellowships, scholarships, studentships, medals, and prizes.

11. Conduct research, advisory, and consultancy services in line with the Academy's objectives.

12. Engage scientists from the Council of Scientific and Industrial Research as faculty.

13. Establish, maintain, and manage institutions, hostels, or residences for students and employees and receive and manage grants, donations, and property.

14. Borrow money for the Academy's purposes and undertake any necessary acts or measures to achieve its objectives.

In exercising its powers, the Academy aims to maintain an all India character and high teaching and research standards, including measures such as merit-based student admission, continuous evaluation, innovative courses, modern teaching techniques, flexibility in interdisciplinary studies, and student participation in academic governance."
"SECTION 9 of Academy of Scientific and Innovative Research, 2011
The Academy of Scientific and Innovative Research, 2011
9. Academy open to all castes, creed, race or class.-
(1) The Academy shall be open to all persons, of either sex, irrespective of caste, creed, race or class, and it shall not be lawful for the Academy to adopt or impose on any person, any test whatsoever of religious belief or profession in order to be entitled to be appointed as a Faculty of the Academy or to hold any other office therein, or to be employed therein or to be admitted as a student in the Academy or to graduate thereat or to enjoy or exercise any privilege thereof. 
(2) The Academy shall make special provision for the employment or admission of women, persons with disabilities or of persons belonging to the weaker sections of the society and, in particular, of the Scheduled Castes, the Scheduled Tribes and the other socially and educationally backward classes of citizens and any exemption from making such reservation under the proviso to clause (b) of section 4 of the Central Educational Institutions (Reservation in Admission) Act, 2006 (5 of 2007) shall not be applicable to the Academy:
Provided that no such special provision shall be made on the ground of domicile.","Section 9 of the Academy of Scientific and Innovative Research, 2011
Academy open to all
The Academy of Scientific and Innovative Research, 2011
9. Academy open to all castes, creed, race or class.-
(1) The Academy is open to everyone, regardless of their gender, caste, creed, race, or class. The Academy cannot impose any religious tests for appointment as a faculty member, holding any office, employment, admission as a student, graduation, or enjoying any privileges.
(2) The Academy must make special provisions for the employment or admission of women, persons with disabilities, or those from weaker sections of society, including Scheduled Castes, Scheduled Tribes, and other socially and educationally backward classes. However, no special provisions can be made based on domicile. Exemptions from making such reservations as per the Central Educational Institutions (Reservation in Admission) Act, 2006, do not apply to the Academy."
"SECTION 11 of Academy of Scientific and Innovative Research, 2011
The Academy of Scientific and Innovative Research, 2011
11. Composition of Board of Governors.-
(1) The Board referred to in clause (a) of section 10 shall consist of the following, namely:-
(a) the Chairperson of the Board, to be appointed under section 12;
(b) the Director-General of the Council of Scientific and Industrial Research, ex officio vice-chairperson;
(c) the President of the Indian National Science Academy, ex officio member;
(d) the Chairman, Atomic Energy Commission, Government of India, ex officio member;
(e) the Chairman, Space Commission, Government of India, ex officio member;
(f) the Chairman, University Grants Commission, Government of India, ex officio member;
(g) the Finance Secretary in the Ministry of finance Government of India, ex officio member;
(h) the heads of three premier institutions in the field of imparting education in Science and Technology, members to be nominated under section 13;
(i) four distinguished scientists or academicians of global eminence, of which two should be from reputed institutions outside India, members to be nominated under section 13;
(j) three eminent industrialists or technologists, members to be nominated under section 13;
(k) four distinguished scientists or outstanding scientists or Directors of laboratories of Council of Scientific and Industrial Research, members to be nominated under section 14;
(l) the Director of the Academy, ex officio member. 
(2) The Chairperson shall ordinarily preside over the meetings of the Board.
(3) The Board may evolve its own procedure for the purpose of conducting its meetings and transacting business therein.
(4) The Associate Director in charge of administration of the Academy shall be the Secretary of the Board.","Composition of Board of Governors:
The board, mentioned in section 10(a) of the Academy of Scientific and Innovative Research, 2011, will include the following members:
The Chairperson of the Board, appointed under section 12.
The Director-General of the Council of Scientific and Industrial Research, serving as the vice-chairperson by default.
The President of the Indian National Science Academy, serving as a member by default.
The Chairman of the Atomic Energy Commission, Government of India, serving as a member by default.
The Chairman of the Space Commission, Government of India, serving as a member by default.
The Chairman of the University Grants Commission, Government of India, serving as a member by default.
The Finance Secretary in the Ministry of Finance, Government of India, serving as a member by default.
The heads of three top institutions involved in Science and Technology education, to be nominated under section 13.
Four distinguished scientists or academicians of global prominence, of which two should be from renowned institutions outside India, to be nominated under section 13.
Three prominent industrialists or technologists, to be nominated under section 13.
Four distinguished scientists, outstanding scientists, or Directors of laboratories of the Council of Scientific and Industrial Research, to be nominated under section 14.
The Director of the Academy, serving as a member by default.

Chairperson's Role and Procedures:
The Chairperson will usually lead the board meetings.
The board can create its own process for conducting meetings and handling business.
The Associate Director responsible for administering the Academy will serve as the Secretary of the Board."
"SECTION 12 of Academy of Scientific and Innovative Research, 2011
The Academy of Scientific and Innovative Research, 2011
12. Appointment of Chairperson.-
(1) The Chairperson shall be appointed by the President of the Council of Scientific and Industrial Research, on the recommendation of the selection committee constituted under sub-section (2):
Provided that the Director-General of the Council of Scientific and Industrial Research, being the ex officio Vice-Chairperson , as referred to in clause (b) of sub-section (1) of section 11, shall act as the Chairperson until the first Chairperson is selected and appointed in accordance with the provisions of this Act:
Provided further that no person shall be selected and appointed as Chairperson unless such person is an Indian citizen.
(2) The selection committee referred to in sub-section (1) shall consist of four eminent scientists or technologists of international repute, as may be nominated by the President of the Council of Scientific and Industrial Research.
(3) At least two eminent scientists or technologists of international repute nominated under subsection (2) shall be from the heads of international societies, academies, or similar organisations in the field of science and technology.
(4) The selection committee referred to in sub-section (2) shall-
(a) be constituted within six months before the completion of tenure of the incumbent as the Chairperson of the Board;
(b) submit its recommendation at least three months before the completion of the tenure of the incumbent Chairperson.
(5) The selection committee may evolve its own procedure for the purposes of meetings and making recommendations under sub-section (1) including making recommendations in respect of a person who has not applied for the post of Chairperson.
(6) Three members of the selection committee referred to in sub-section (1) shall form quorum for the meeting of the committee.
(7) The Chairperson shall exercise such other powers and perform such other functions as may be assigned to him by this Act or the Statutes.","Appointment of Chairperson:
The Chairperson of the Academy of Scientific and Innovative Research is appointed by the President of the Council of Scientific and Industrial Research, based on the recommendation of a selection committee. The Director-General of the Council of Scientific and Industrial Research serves as the Vice-Chairperson until the first Chairperson is formally selected, provided the person chosen is an Indian citizen.

Selection Committee:
The selection committee is made up of four distinguished scientists or technologists nominated by the President of the Council of Scientific and Industrial Research. At least two of them must be internationally recognized scientists or technologists from organizations related to science and technology.

Procedures:
The selection committee must be formed within six months before the incumbent Chairperson's term ends and should submit its recommendation at least three months before the current Chairperson's tenure concludes. The committee can develop its own meeting procedures and may also recommend individuals who have not applied for the Chairperson position.

Quorum:
Three members of the selection committee are needed to form a quorum for committee meetings.

Powers and Functions:
The Chairperson is responsible for exercising powers and performing functions as designated by the Act or the Statutes."
"SECTION 16 of Academy of Scientific and Innovative Research, 2011
The Academy of Scientific and Innovative Research, 2011
16. Term of office of members of Board.-
(1) Save as otherwise provided in this section, term of office of the Chairperson or any other nominated member of the Board shall be four years, being one term of the Board and they shall not be eligible to be re-appointed as Chair person or nominated as a member, as the case may be.
Explanation I.- The period of term of office of the Chairperson or any other nominated member of the Board [other than ex officio Vice-Chairperson and ex officio members and nominated members under clause (k) of sub-section (1) of section 11] of the existing Academy shall be counted for the purposes of this sub-section.
Explanation II.- For the removal of doubt it is hereby declared that a person who held the office of a member shall not be eligible to be re-appointed as a member but may be appointed as the Chairperson in accordance with the provisions of this Act:
Provided that an outgoing member of the Board shall, unless or otherwise directed, continue in office until another person is appointed, or, as the case may be, nominated as a member in his place.
(2) In the event of vacancy in the office of the Chairperson, by reason of his death or resignation or otherwise, the Vice-Chairperson shall act as the Chairperson until a new Chairperson is appointed in accordance with the provisions of this Act to fill the vacancy and enter upon his office:
Provided that a person appointed due to a vacancy in the office of Chairperson under sub-section (2), shall be eligible to be appointed as Chairperson in accordance with the provisions of this Act only for one term in addition to the period for which he was appointed to fill the vacancy of Chairperson.
(3) In the event of vacancy in the office of a nominated member under clauses (h), (i), (j) and (k) of sub-section (1) of section 11 by reason of his death or resignation or otherwise, the vacancy shall be filled in accordance with the provisions of this Act:
Provided that a person nominated under sub-section (1) of section 11 due to a vacancy in the office of the member, such person shall be eligible to be nominated only for one term as member in accordance with the provisions of this Act, in addition to the period for which he was nominated to fill the vacancy.
(4) The term of office of an ex officio member shall continue as long as he holds the office by virtue of which he is a member.
(5) One-fourth of the members, being distinguished scientists or outstanding scientists or Directors of laboratories of the Council of Scientific and Industrial Research nominated under clause (k) of sub-section (1) of section 11 shall retire every year and new members shall be nominated in their place in accordance with the provisions of this Act:
Provided that, notwithstanding anything contained in this sub-section, the members, being distinguished scientists or outstanding scientists of the Council of Scientific and Industrial Research or Directors of the Council of Scientific and Industrial Research laboratories nominated under clause (k) of sub-section (1) of section 11, immediately after the commencement of this Act for the first time, may hold office for such period, as may be specified in their nomination and provisions of this sub-section shall not be applicable to such nominated members.","Term of Office of Board Members:
1. The Chairperson and other nominated members of the Board will serve a term of four years, which constitutes one term of the Board. They are not eligible for re-appointment as Chairperson or nominated members, respectively.
2. In case of a vacancy in the Chairperson's office due to death, resignation, or other reasons, the Vice-Chairperson will act as the Chairperson until a new appointment is made. The person appointed to fill a vacancy in the Chairperson's office is eligible for one additional term, in addition to the period for which they were appointed to fill the vacancy.
3. If a nominated member positions become vacant, it will be filled in accordance with the provisions of the Act. The person nominated to fill a member vacancy is eligible for one term as a member, in addition to the period for which they were nominated to fill the vacancy.
4. Ex officio members will serve as long as they hold the office that made them a member.
5. One-fourth of the distinguished scientists, outstanding scientists, or Directors of laboratories of the Council of Scientific and Industrial Research nominated under section 11(k) will retire every year, and new members will be nominated in their place. However, certain provisions do not apply to nominated members immediately after the commencement of the Act."
"SECTION 17 of Academy of Scientific and Innovative Research, 2011
The Academy of Scientific and Innovative Research, 2011
17. Powers of Board.-
(1) Subject to the provisions of this Act, the Board shall be responsible for the general superintendence, direction and control of the affairs of the Academy and shall exercise all the powers of the Academy not otherwise provided for by this Act, the Statutes and the Ordinances, and shall have the power to review the acts of the Senate.
(2) Without prejudice to the provisions of sub-section (1), the Board shall have the powers to-
(a) take decisions on questions of policy relating to the administration and working of the Academy;
(b) institute courses of study at the Academy; 
(c) make Statutes;
(d) institute and appoint persons to academic as well as other posts in the Academy;
(e) consider and modify or cancel or rescind Ordinances;
(f) consider and pass resolutions on the annual report, the annual accounts and the budget estimates of the Academy for the next financial year, together with a statement of its development plans;
(g) approve investments in infrastructure of the Academy in any land or building;
(h) exercise such other powers and perform such other duties as may be conferred or imposed upon it by this Act or the Statutes.
(3) The Board shall also have the power to appoint such committees of one or more persons as it considers necessary for exercise of its powers and the performance of its duties and hold enquiries under this Act.","Simplified text: 
Section 17: Academy of Scientific and Innovative Research, 2011
The Academy of Scientific and Innovative Research, 2011
17. Powers of Board.-
(1) The Board is responsible for overseeing, directing, and controlling the affairs of the Academy and has the authority to review the actions of the Senate.
(2) In addition, the Board has the authority to:
a) Make decisions regarding the administration and operation of the Academy;
b) Introduce educational programs at the Academy;
c) Establish regulations;
d) Recruit individuals for academic and other positions at the Academy;
e) Review and amend or revoke Ordinances;
f) Approve annual reports, accounts, budget estimates, and development plans of the Academy for the next financial year;
g) Endorse investments in Academy infrastructure including land and buildings;
h) Perform other duties and exercise additional powers as designated by this Act or the regulations.
(3) The Board also has the authority to appoint committees and conduct inquiries as necessary under this Act."
"SECTION 18 of Academy of Scientific and Innovative Research, 2011
The Academy of Scientific and Innovative Research, 2011
18. Senate.-
(1) The Senate shall consist of the following, namely:-
(a) the Director, ex officio, who shall be the Chairperson of the Senate;
(b) all Associate Directors, ex officio members;
(c) all Deans of the Academy, ex officio members;
(d) two Professors from each area of study represented by the Boards of Studies of the Academy, as may be nominated by the Board, ex officio members;
(e) two scientists of the Council of Scientific and Industrial Research, who being the youngest in age; and recipient of Shanti Swaroop Bhatnagar Award; and who are also Faculty of the Academy, as may be nominated by the Director-General of the Council of Scientific and Industrial Research;
(f) two scientists of the Council of Scientific and Industrial Research, who being the youngest in age; and recipient of CSIR-Young Scientist Award; and who are Faculty of the Academy, as may be nominated by the Director-General of the Council of Scientific and Industrial Research;
(g) three Directors or distinguished scientists or outstanding scientists of the Council of Scientific and Industrial Research laboratories, nominated by its Director-General;
(h) three persons, not being the employees of the Academy or the Council of Scientific and Industrial Research, to be nominated by the Chancellor in consultation with the Director from amongst educationists of repute, one being from each of the fields of science, engineering and social sciences;
(i) such other members of the staff as may be laid down in the Statutes.
(2) The tenure of the nominated members under clauses (d) to (h) of sub-section (1) shall be two years:
Provided that the Senate shall not, at any time, have less than fifty per cent. of its members from the Councilof Scientific and Industrial Research scientists teaching in the Academy.","Simplified text: Senate Membership of Academy of Scientific and Innovative Research, 2011

Composition: The Senate will be made up of the following members:

The Director, who will be the Chairperson of the Senate.
All Associate Directors
All Deans of the Academy
Two Professors from each area of study represented by the Boards of Studies of the Academy, as nominated by the Board.
Two scientists of the Council of Scientific and Industrial Research who are the youngest in age, recipients of Shanti Swaroop Bhatnagar Award, and Faculty of the Academy, as nominated by the Director-General of the Council of Scientific and Industrial Research.
Two scientists of the Council of Scientific and Industrial Research who are the youngest in age, recipients of CSIR-Young Scientist Award, and Faculty of the Academy, as nominated by the Director-General of the Council of Scientific and Industrial Research.
Three Directors or distinguished scientists or outstanding scientists of the Council of Scientific and Industrial Research laboratories, nominated by its Director-General.
Three persons, not employees of the Academy or the Council of Scientific and Industrial Research, nominated by the Chancellor in consultation with the Director, one from each of the fields of science, engineering, and social sciences.
Other staff members as specified in the Statutes.
Tenure: The nominated members under clauses (d) to (h) will serve for a period of two years. The Senate must always have at least fifty percent of its members from the Council of Scientific and Industrial Research scientists teaching in the Academy."
"SECTION 22 of Academy of Scientific and Innovative Research, 2011
The Academy of Scientific and Innovative Research, 2011
22. Appointment and duty of Director of Academy, etc.-
(1) The Director shall be appointed, by the President of the Council of Scientific and Industrial Research, on the recommendation of the selection committee constituted under sub-section (2).
(2) The selection committee referred to in sub-section (1) shall consist of-
(a)the Chairperson of the Board; (b) the Vice-Chairperson of the Board;
(c) the President of the Indian National Science Academy;
(d) the Chairman, Atomic Energy Commission, Government of India;
(e) the Chairman, Space Commission, Government of India.
(3) The selection committee referred to in sub-section (2) shall-
(a) be constituted within six months before the completion of tenure of the incumbent as the Director;
(b) submit its recommendation at least three months before the completion of the tenure of the incumbent Director.
(4) The selection committee may evolve its own procedure for the purposes of meetings and making recommendations under sub-section (1) including making recommendations in respect of a person who has not applied for the post of Director.
(5) Three members of the selection committee referred to in sub-section (1) shall form quorum for the meeting of the committee:
Provided that no person shall be selected or nominated as Director unless such person is an Indian citizen.
(6) It shall be the duty of the Director that the decisions taken by the Board are implemented.
(7) The Director shall submit an annual report and accounts of the Academy to the Board.
(8) The Director shall exercise such other powers and perform such other duties as may be assigned to him by this Act or the Statutes or the Ordinances.
(9) The term of the Director shall be five years.","Appointment and Duties of Director of the Academy:
1. The President of the Council of Scientific and Industrial Research appoints the Director based on the recommendation of a selection committee. This committee includes the Chairperson and Vice-Chairperson of the Board, the President of the Indian National Science Academy, the Chairman of the Atomic Energy Commission, and the Chairman of the Space Commission, all from the Government of India.

2. The selection committee needs to be formed within six months before the current Director's tenure ends and must make their recommendation at least three months before the Director's tenure ends.

3. The committee can create its own procedure for meetings and recommendations and can consider individuals who have not officially applied for the Director position.

4. At least three members of the selection committee must be present to conduct a meeting, and only Indian citizens are eligible for the Director position.

Director's Duties:
1. The Director should ensure that the decisions made by the Board are put into action.

2. The Director must provide an annual report and accounts of the Academy to the Board.

3. The Director has to carry out other responsibilities and exercise powers specified in this Act, the Statutes, or the Ordinances.

4. The Director's term lasts for five years.
"
"SECTION 25 of Academy of Scientific and Innovative Research, 2011
The Academy of Scientific and Innovative Research, 2011
25. Funds of Academy.-
(1) The Academy shall maintain and retain a fund to which shall be credited-
(a) all fees (including tuition fees) and other charges received by the Academy; 
(b) all monies received by the Academy by way of grants, gifts, donations, benefactions, bequests or transfers;
(c) monies for projects undertaken by the Academy;
(d) income from investment made by the Academy or from any other source;
(e) the funds received from the Council of Scientific and Industrial Research, by way of loan or otherwise;
(f) all monies received by the Academy in any other manner or from any other source.
(2) All monies credited to the fund of the Academy shall be deposited in such banks or invested in such manner as the Academy may, with the approval of the Board, decide.
(3) The fund shall be applied for meeting,-
(a) the salaries, allowances and other remuneration of the Chairperson, members of the Board or Faculty, officers and other employees or members of the committees set up by the Academy;
(b) the expenses of the Academy in the discharge of its functions or exercise of its powers under section 8;
(c) the expenses on objects of, and for purposes authorised by, this Act.
(4) All expenditure of the Academy shall be within the framework of a budget approved by the Board.","Academy of Scientific and Innovative Research, 2011
25. Funds of Academy.

(1) The Academy shall maintain a fund, which shall include:
  - all received fees (including tuition fees) and charges,
  - grants, gifts, donations, and other financial contributions,
  - funds for projects undertaken by the Academy,
  - income from investments or other sources,
  - funds received from the Council of Scientific and Industrial Research, and
  - any other received funds.

(2) All funds credited to the Academy's account shall be deposited in banks or invested according to the Board's approval.

(3) The fund shall cover:
  - salaries, allowances, and remuneration of the Chairperson, Board members, faculty, officers, employees, and committee members,
  - expenses related to the Academy's functions and powers under section 8, and
  - expenses for purposes authorized by this Act.

(4) All expenditures of the Academy shall be within a budget approved by the Board."
"SECTION 26 of Academy of Scientific and Innovative Research, 2011
The Academy of Scientific and Innovative Research, 2011
26. Accounts.-
(1) The Academy shall maintain proper and separate accounts giving therein the details of all receipts in, and, expenditure from, such fund and other relevant particulars.
(2) The accounts referred to in sub-section (1) shall be prepared and got audited before the expiry of six months from the end of each financial year.
(3) The Academy shall submit to the Board and the Council of Scientific and Industrial Research, the accounts referred to in sub-section (1) duly audited under section 27 and signed by the Director, Associate Director in charge of Finance and Associate Director in charge of Administration.
(4) The Council of Scientific and Industrial Research referred to in sub-section (3), the Board and any other person appointed by them in connection with the audit of the accounts of the Academy shall have the right to demand the production of books, accounts, connected vouchers and other documents and papers and to inspect any of the offices of the Academy.","Simplified text: Accounts of the Academy
The Academy of Scientific and Innovative Research shall keep accurate and separate accounts that detail all the money it receives and spends from the fund, along with other relevant information.
The accounts mentioned above should be prepared and audited within six months after the end of each financial year.
The Academy should submit these audited accounts to the Board and the Council of Scientific and Industrial Research, signed by the Director, Associate Director in charge of Finance and Associate Director in charge of Administration.
The Council of Scientific and Industrial Research, the Board, and any other authorized person have the right to demand the production of books, accounts, vouchers, and other documents for inspecting the Academy's offices."
"SECTION 27 of Academy of Scientific and Innovative Research, 2011
The Academy of Scientific and Innovative Research, 2011
27. Audit of accounts and its publication.-
(1) The accounts of the Academy shall, without prejudice to the provisions contained in the Comptroller and Auditor-Generals (Duties, Powers and Conditions of Service) Act, 1971 (56 of 1971), be audited by auditors who may be appointed by the Board for the term of one year and such auditors shall be eligible for re-appointment.
(2) No person shall be eligible to be appointed as an auditor under sub-section (1) unless he is a chartered accountant as defined in clause (b) of sub-section (1) of section 2 of the Chartered Accountants Act, 1949 (38 of 1949), and who has obtained a certificate of practice under sub-section (1) of section 6 of that Act.
(3) The accounts of the Academy shall, after the completion of the audit under sub-section (1) and submission thereof to the Board and the Council of Scientific and Industrial Research be published on the website of the Academy.","Simplified text: Audit of Academy of Scientific and Innovative Research, 2011

Account Audit and Publication:
The Academy's accounts must be audited by auditors appointed by the Board for one year, and they may be re-appointed.
The appointed auditor must be a chartered accountant as defined in the Chartered Accountants Act, 1949, and should hold a certificate of practice under that Act.
After completing the audit and submitting the report to the Board and the Council of Scientific and Industrial Research, the Academy's accounts shall be published on its website."
"SECTION 29 of Academy of Scientific and Innovative Research, 2011
The Academy of Scientific and Innovative Research, 2011
29. Matters to be provided by Statutes.-
Subject to the provisions of this Act, the Statutes may provide for all or any of the matters considered necessary by the Board for functioning of the Academy within the framework of this Act, including the following matters, namely:-
(a) the conferment of degrees and diplomas;
(b) the constitution, powers and functions of the Board of Studies;
(c) the tuition fee and other fees to be charged;
(d) the institution of fellowships, scholarships, medals and prizes;
(e) the term of office and the method of appointment of officers of the Academy;
(f) the qualification of Faculty of the Academy (other than the scientists of the Council of Scientific and Industrial Research engaged in the service of the Academy), officers and other staff of Academy:
Provided that the scientists of the Council of Scientific and Industrial Research engaged in the service of the Academy shall be governed by the qualifications specified by the Council and nothing contained in this Act shall be construed to disqualify them from undertaking the service of the Academy or engaging them as Faculty of the Academy;
(g) the classification, the method of appointment and the determination of the terms and conditions of service of Faculty, officers and other staff of the Academy;
(h) the provision of insurance fund, provident fund and other retirement benefits, for the benefit of the Faculty, officers and other staff of the Academy;
(i) the constitution, powers and duties of authorities of the Academy;
(j) the establishment and maintenance of hostels;
(k) the conditions of residence of students of the Academy and the levying of fees for residence in the hostels and of other charges;
(l) the allowances to be paid to the Chairperson and other members of the Board and any committee constituted by the Academy;
(m) the meetings of the Board, the Senate, or any committee, the quorum at such meetings and the procedure to be followed in the conduct of their business;
(n) any other matter which may be required or necessary for the purposes of this Act.","Simplified text: Matters Addressed by Statutes
The statutes, subject to the rules in this Act, may cover any necessary matters for the Academy to function properly under this Act. These may include:
a. Granting degrees and diplomas
b. Forming, empowering, and describing the duties of the Board of Studies
c. Determining tuition fees and other charges
d. Establishing fellowships, scholarships, medals, and prizes
e. Terms and appointment procedures for Academy officers 
f. Qualifications for Academy faculty and staff (excluding scientists from the Council of Scientific and Industrial Research)
g. Staff classification, appointment process, and terms and conditions of employment
h. Establishing insurance and provident funds, and other retirement benefits
i. Structure, powers, and responsibilities of Academy authorities
j. Setting up and managing hostels
k. Student residence conditions, hostel fees, and other charges
l. Allowances for the Chairperson and Board members
m. Board, Senate, or committee meetings, quorum, and procedures
n. Any other necessary matters for the Act's purposes."
"SECTION 30 of Academy of Scientific and Innovative Research, 2011
The Academy of Scientific and Innovative Research, 2011
30. Ordinances.-
(1) Subject to the provisions of this Act and the Statutes, the Ordinances of the Academy may provide for all or any of the following matters, namely:-
(a) the admission of the students;
(b) the courses of study;
(c) the conditions under which students shall be admitted and shall be eligible for degrees, diplomas and certificates and to the examinations of the Academy, and shall be eligible for the degrees, diplomas and certificates;
(d) the conditions of award of the fellowships, scholarships, medals and prizes;
(e) the condition and mode of appointment and duties of examining bodies, examiners and moderators;
(f) the conduct of examinations;
(g) the maintenance of discipline among students of the Academy;
(h) any other matter which by this Act or the Statute, is to be, or, may be, provided for by the Ordinances.
(2) Save as otherwise provided in this section, Ordinances shall be made by the Senate.
(3) All Ordinances made by the Senate shall have the effect from such date as it may direct, but every Ordinance so made shall be submitted, as soon as may be, to the Board and shall be considered by the Board in its subsequent meeting.
(4) The Board shall have the power by resolution to modify or cancel or rescind any of the Ordinances and such Ordinances shall, from the date of such resolution stand modified accordingly or cancelled or rescinded, as the case may be.","Section 30 of the Academy of Scientific and Innovative Research, 2011
Ordinances
(1) The Academy's ordinances can cover the following matters:
Admission of students.
Courses of study.
Conditions for students to be admitted, earn degrees, diplomas, and certificates, and take Academy examinations; and also the conditions for fellowships, scholarships, medals, and prizes.
Appointment, duties, and conduct of examining bodies, examiners, and moderators.
Examination procedures.
Maintaining student discipline.
Any other matters required by this Act or the Statute.
(2) The Senate will make the ordinances, unless provided otherwise.
(3) All ordinances made by the Senate will take effect from a specified date, but must be submitted to the Board for review at its next meeting.
(4) The Board can modify, cancel, or rescind any ordinances by resolution, and the ordinances will be adjusted accordingly from the date of the resolution."
"SECTION 33 of Academy of Scientific and Innovative Research, 2011
The Academy of Scientific and Innovative Research, 2011
33. Conditions of service.-
(1) Every employee of the Academy shall be appointed on contractual basis under a written contract, which shall be lodged with the Academy and a copy of which shall be furnished to the employee concerned:
Provided that all scientists and other employees of the Council of Scientific and Industrial Research engaged in the service of the Academy shall be governed by the service conditions, rules and regulations of the Council of Scientific and Industrial Research.
(2) The Academy shall have a flexible compensation system which recognises performance, as laid down in the Statutes, to bring the best talent in the Academy:
Provided that the scientists of the Council of Scientific and Industrial Research-
(a) engaged in the service of the Academy; and
(b) who draw their salary from the Council, shall be eligible for such allowances or honorarium, as may be determined by the Statute.","Conditions of service:
1. Employment Arrangements: Every employee of the Academy will be hired on a contract basis with a written contract. A copy of the contract will be kept by the Academy, and the concerned employee will receive a copy.

2. Compensation System: The Academy will have a flexible compensation system that values performance according to the Statutes, in order to attract the best talent.

For scientists employed by the Council of Scientific and Industrial Research:

They will be subject to the service conditions, rules, and regulations of the Council, with the allowance or honorarium determined by the Statute."
"SECTION 35 of Academy of Scientific and Innovative Research, 2011
The Academy of Scientific and Innovative Research, 2011
35. Resignation, removal and suspension of Chairperson and other Members or Director.-
(1) The Chairperson or any Member of the Board other than ex officio Members of the Board or Director may, by notice in writing under his hand addressed to the President of the Council of Scientific and Industrial Research, resign his office:
Provided that the Chairperson or such Member or Director shall, unless he is permitted by the President of the Council of Scientific and Industrial Research to relinquish his office sooner, continue to hold office until the expiry of three months from the date of receipt of such notice or until a person duly appointed as his successor enters upon his office or until the expiry of his term of office, whichever is the earliest.
(2) The President of the Council of Scientific and Industrial Research may remove from office the Chairperson or any Member of the Board or the Director, who-
(a) has been adjudged an insolvent; or
(b) being the Director has engaged at any time, during his term of office, in any paid employment; or
(c) has been convicted of an offence which, in the opinion of the Central Government, involves moral turpitude; or
(d) has become physically or mentally incapable of acting as such Chairperson or Member or Director; or
(e) is of unsound mind and stands so declared by a competent court; or
(f) has acquired such financial or other interest as is likely to affect prejudicially the exercise of his functions as such Chairperson or Member or Director; or
(g) has so abused his position as to render his continuance in office prejudicial to the public interest; or
(h) has been guilty of proved misbehavior; or
(i) has such other disqualifications as may be prescribed.
(3) Notwithstanding anything contained in sub-section (1), the Chairperson or a Member of the Board or the Director shall not be removed from his office on the grounds specified in clause (f) or clause (g) or clause (h) of sub-section (1), except by an order made by the President of the Council of Scientific and Industrial Research after an inquiry made in this behalf in which such Chairperson or Member or Director has been informed of the charges against him and given a reasonable opportunity of being heard in respect of those charges.
(4) In the event of inquiry instituted under sub-section (2), the President of the Council of Scientific and Industrial Research may suspend such Chairperson or Member or Director against whom inquiry has been instituted for a period not exceeding six months if it is considered necessary in public interest.
(5) The President of the Council of Scientific and Industrial Research may, by rules, regulate the procedure for the inquiry referred to in sub-section (2).
(6) In case any nominated member under clause (k) of sub-section (1) of section 11 in the Board incurs any of the disqualifications under clauses (a) to (i) of sub-section (1), such nominated member shall not be eligible to be nominated as such and his nomination as nominated member shall be revoked by those who nominated such member.","Resignation, removal and suspension of Chairperson and other Members or Director:

Voluntary Resignation: The Chairperson or any Member of the Board, excluding ex officio Members of the Board or the Director, can resign by providing written notice to the President of the Council of Scientific and Industrial Research. They must continue in their position until three months after the notice is received or until a successor takes over, or until the end of their term, whichever comes first.

Removal: The President of the Council of Scientific and Industrial Research may remove the Chairperson, Member of the Board, or the Director if they:
- are declared insolvent
- engage in paid employment during their term of office
- are convicted of an offense involving moral turpitude
- become physically or mentally incapable of carrying out their duties
- are declared of unsound mind by a competent court
- acquire financial or other interests likely to affect their functions
- abuse their position, leading to a detriment to the public interest
- are found guilty of misbehavior
- have other prescribed disqualifications

Due Process for Removal:
- The Chairperson or Member or Director cannot be removed based on grounds involving financial interests, abuse of position, or misconduct without an inquiry.
- The President of the Council of Scientific and Industrial Research must conduct an inquiry, informing the individual of the charges and providing them with a fair opportunity to be heard.

Suspension: In the case of an inquiry, the President may suspend the Chairperson, Member, or Director for a maximum of six months in the public interest.

Procedure: The President of the Council of Scientific and Industrial Research can establish rules for the inquiry process.

Disqualifications for Nomination: If a nominated member incurs any of the disqualifications mentioned, they cannot continue as a nominated member and their nomination will be revoked."
"SECTION 38 of Academy of Scientific and Innovative Research, 2011
The Academy of Scientific and Innovative Research, 2011
38. Power to remove difficulties.-
(1) If any difficulty arises in giving effect to the provisions of this Act, the Central Government may, by order published in the Official Gazette, make such provisions, not inconsistent with the provisions of this Act, as appear to it to be necessary or expedient for removing the difficulty:
Provided that no such order shall be made under this section after the expiry of three years from the commencement of this Act.
(2) Every order made under sub-section (1) shall be laid, as soon as may be after it is made, before each House of Parliament, while it is in session, for a total period of thirty days which may be comprised in one session or in two or more successive sessions, and if, before the expiry of the session immediately following the session or the successive sessions aforesaid, both Houses agree in making any modification in the order or both Houses agree that the order should not be made, the order shall thereafter have effect only in such modified form or be of no effect, as the case may be; so, however, that any such modification or annulment shall be without prejudice to the validity of anything previously done under that order.","Power to Remove Difficulties:
If there are any challenges in implementing the provisions of this Act, the Central Government has the authority to issue an order, published in the Official Gazette, to address those challenges. The order should be necessary and appropriate for addressing the difficulty and should not contradict the Act's provisions. However, such orders cannot be issued after three years from the Act's commencement.
Every order made under this provision must be presented to both Houses of Parliament for a total of thirty days - either in one session or across several sessions. If both Houses agree to modify the order or decide that it shouldn't be issued, the order will only be in effect in its modified form or will be disregarded. This doesn't affect the validity of any actions taken under the original order."
"SECTION 2 of Acquired Territories (Merger) Act, 1960
2. Definitions.-
In this Act, unless the context otherwise requires,-
(a) ""acquired territories"" mean so much of the territories comprised in the Indo-Pakistan agreements and referred to in the First Schedule as are demarcated for the purpose of being acquired by India in pursuance of the said agreements;
(b) ""appointed day"" means such date1 as the Central Government may, by notification in the Official Gazette, appoint for the merger of the acquired territories under section 3, after causing the territories to be so acquired demarcated for the purpose, and different dates may be appointed for the merger of such territories into different States;
(c) ""assembly constituency"", ""council constituency"" and ""parliamentary constituency"" have the same meanings as in the Representation of the People Act, 1950 (43 of 1950);
(d) ""Indo-Pakistan agreements"" mean the Agreements dated the 10th day of September, 1958, the 23rd day of October, 1959 and the 11th day of January, 1960 entered into between the Governments of India and Pakistan, the relevant extracts of which are set out in the Second Schedule;
(e) ""law"" includes any enactment, ordinance, regulation, order, bye-law, rule, scheme, notification or other instrument having the force of law in the whole or in any part of the acquired territory;
(f) ""sitting member"", in relation to either House of Parliament or of the Legislature of a State, means a person who, immediately before the appointed day, is a member of that House;
(g) ""State concerned"", in relation to the acquired territories referred to in Part I, Part II and Part III of the First Schedule, means, respectively, the State of Assam, the State of Punjab and the State of West Bengal; and ""State Government concerned"" shall be construed accordingly;
(h) ""Union purposes"" mean the purposes of Government relatable to any of the matters mentioned in List I of the Seventh Schedule to the Constitution.","Definition section simplified:
Meaning of terms:
Acquired Territories - Refers to the territories specified in the Indo-Pakistan agreements and delineated for acquisition by India as per the agreements.
Appointed day - The date designated by the Central Government for the merger of the acquired territories under section 3, after demarcating the territories for acquisition. Different dates may be set for merging the territories into different States.
Constituency - Refers to assembly, council, and parliamentary constituencies as defined in the Representation of the People Act, 1950 (43 of 1950).
Indo-Pakistan agreements - Agreements dated September 10, 1958, October 23, 1959, and January 11, 1960, between the Governments of India and Pakistan, relevant extracts of which are outlined in the Second Schedule.
Law - Encompasses any enactment, ordinance, regulation, order, bye-law, rule, scheme, notification, or other instrument with the force of law in the whole or any part of the acquired territory.
Sitting member - A member of either House of Parliament or the Legislature of a State immediately before the appointed day.
State concerned - Refers to the State of Assam, the State of Punjab, and the State of West Bengal in relation to the acquired territories specified in Part I, Part II, and Part III of the First Schedule. The term ""State Government concerned"" is construed accordingly.
Union purposes - Signifies the purposes of Government pertaining to any matters listed in List I of the Seventh Schedule to the Constitution."
"SECTION 4 of Acquired Territories (Merger) Act, 1960
4. Amendment of the First Schedule to the Constitution.-
As from the appointed day, in the First Schedule to the Constitution,-
(a) in the paragraph relating to the territories of the State of Assam, after the words ""the Assam Tribal Areas"", the words, figures and brackets ""and the territories referred to in Part I of the First Schedule to the Acquired Territories (Merger) Act, 1960"" shall be inserted;
(b) in the paragraph relating to the territories of the State of Punjab, after the words and figures ""the States Reorganisation Act, 1956 (37 of 1956)"", the words, figures and brackets ""and the territories referred to in Part II of the First Schedule to the Acquired Territories (Merger) Act, 1960"" shall be inserted;
(c) in the paragraph relating to the territories of the State of West Bengal, after the words, brackets and figures ""the Bihar and West Bengal (Transfer of Territories) Act, 1956 (40 of 1956)"", the words, figures and brackets ""and the territories referred to in Part III of the First Schedule to the Acquired Territories (Merger) Act, 1960"" shall be inserted.","Sure, Here's a simplified version of the text:

Modification of the Constitution's First Schedule:
Starting from the specified day, the following changes will be made to the First Schedule of the Constitution:
(a) In the section concerning the territories of the State of Assam, the phrase ""the Assam Tribal Areas"" will be followed by ""and the territories mentioned in Part I of the First Schedule to the Acquired Territories (Merger) Act, 1960.""
(b) In the section concerning the territories of the State of Punjab, after the phrase ""the States Reorganisation Act, 1956 (37 of 1956),"" include ""and the territories referred to in Part II of the First Schedule to the Acquired Territories (Merger) Act, 1960.""
(c) In the section concerning the territories of the State of West Bengal, after the phrase ""the Bihar and West Bengal (Transfer of Territories) Act, 1956 (40 of 1956),"" include ""and the territories referred to in Part III of the First Schedule to the Acquired Territories (Merger) Act, 1960."""
"SECTION 5 of Acquired Territories (Merger) Act, 1960
5. Construction of references to existing constituencies.-
As from the appointed day,-
(a) any reference in the Delimitation of Parliamentary and Assembly Constituencies Order, 1956,-
(i) to the State of Assam or Punjab or West Bengal, shall be construed as including that part of the acquired territory which is included in that State;
(ii) to any district, sub-division, police station or other administrative unit, shall be construed as including that part of the acquired territory, if any, which is included in that district, sub-division, police station or other administrative unit, by order made under sub-section (2) of section 3;
(b) any reference in the Delimitation of Council Constituencies (Punjab) Order, 1951-
(i) to the State of Punjab, shall be construed as including that part of the acquired territory which is included in that State;
(ii) to any district, shall be construed as including that part of the acquired territory, if any, which is included in that district, by order made under sub-section (2) of section 3;
(c) any reference in the Delimitation of Council Constituencies (West Bengal) Order, 1951-
(i) to the State of West Bengal, shall be construed as including that part of the acquired territory which is included in that State;
(ii) to any division or district, shall be construed as including the acquired territory, if any, which is included in that division or district, by order made under sub-section (2) of section 3.","Simplified text:
Construction of References to Existing Constituencies:
Starting from the specified date:
(a) In the Delimitation of Parliamentary and Assembly Constituencies Order, 1956:
(i) Any mention of the State of Assam, Punjab, or West Bengal should be understood to include the part of the acquired territory that is part of that State.
(ii) Any reference to a district, sub-division, police station, or other administrative unit should be understood to include the part of the acquired territory, if any, that is part of that district, sub-division, police station, or administrative unit by order made under sub-section (2) of section 3.
(b) In the Delimitation of Council Constituencies (Punjab) Order, 1951:
(i) Any reference to the State of Punjab should be understood to include the part of the acquired territory that is part of that State.
(ii) Any mention of a district should be understood to include the part of the acquired territory, if any, that is part of that district by order made under sub-section (2) of section 3.
(c) In the Delimitation of Council Constituencies (West Bengal) Order, 1951:
(i) Any mention of the State of West Bengal should be understood to include the part of the acquired territory that is part of that State.
(ii) Any reference to a division or district should be understood to include the acquired territory, if any, that is part of that division or district by order made under sub-section (2) of section 3."
"SECTION 6 of Acquired Territories (Merger) Act, 1960
6. Provisions as to sitting members.-
(1) Every sitting member of the House of the People representing any parliamentary constituency the extent of which has been altered by virtue of the provisions of this Act shall, notwithstanding such alteration, be deemed to have been elected as from the appointed day to that House by that constituency as so altered.
(2) Every sitting member of the Legislative Assembly of the State of Assam or Punjab or West Bengal representing any assembly constituency the extent of which has been altered by virtue of the provisions of this Act shall, notwithstanding such alteration, be deemed to have been elected as from the appointed day to the said Legislative Assembly by that constituency as so altered.
(3) Every sitting member of the Legislative Council of Punjab or West Bengal representing any Council constituency the extent of which has been altered by virtue of the provisions of this Act, shall, notwithstanding such alteration, be deemed to have been elected as from the appointed day to the said Legislative Council by that constituency as so altered.","Section 6 of the Acquired Territories (Merger) Act, 1960

Provisions for Current Members:

1. Members of the House of the People: Any current member representing a parliamentary constituency affected by the Act will be considered elected from the specified day to the altered constituency.

2. Members of Legislative Assembly: Similarly, any current member of the Legislative Assembly of Assam, Punjab, or West Bengal representing an assembly constituency affected by the Act will be deemed elected from the specified day to the altered constituency.

3. Members of Legislative Council: Additionally, any current member of the Legislative Council of Punjab or West Bengal representing a council constituency affected by the Act will be considered elected from the specified day to the altered constituency."
"SECTION 8 of Acquired Territories (Merger) Act, 1960
8. Appropriation of moneys for expenditure in acquired territories.-
(1) As from the appointed day, any Act passed by the Legislature of the State of Assam or Punjab or West Bengal before that day for the appropriation of any moneys out of the Consolidated Fund of that State to meet any expenditure in respect of any part of the financial year 1960-61, shall have effect also in relation to the acquired territories included in that State and it shall be lawful for the State Government concerned to spend any amount in respect of those territories out of the amount authorised by such Act to be expenditure for any service in that State.
(2) The Governor of the State concerned may, after the appointed day, authorise such expenditure from the Consolidated Fund of that State as he deems necessary for any purpose or service in the acquired territories included in that State for a period of not more than three months beginning with the appointed day pending the sanction of such expenditure by the Legislature of that State.","Simplified text: 

Appropriation of Funds for Acquired Territories:
1. Any law passed by the Legislature of Assam, Punjab, or West Bengal before the appointed day to spend money from the State's funds for the financial year 1960-61 also applies to the acquired territories within that State. The State Government can use the authorized funds for the acquired territories as well.
2. After the appointed day, the State Governor can approve spending from the State's funds for the acquired territories for up to three months until the State Legislature formally approves the expenditure for that area."
"SECTION 11 of Acquired Territories (Merger) Act, 1960
11. Power to remove difficulties.-
(1) If any difficulty arises in relation to the transition from any corresponding law to any law which by virtue of section 9 shall, as from the appointed day, extend to, or come into force in, the acquired territories, the Central Government may, by order notified in the Official Gazette, make such provisions as appear to it to be necessary or expedient for removing the difficulty.
(2) If any difficulty arises in giving effect to the provisions of this Act (otherwise than in relation to the transition from any corresponding law) or in connection with the administration of the acquired territories as a part of the State in which they are included, the State Government concerned may, by order in the Official Gazette, make such provisions not inconsistent with the purposes of this Act, as appear to it to be necessary or expedient for removing the difficulty.
(3) No power under sub-section (1) or sub-section (2) shall be exercised by the Central Government or, as the case may be, the State Government after the expiry of three years from the appointed day.
(4) Any order made under sub-section (1) or sub-section (2) may be so made as to be retrospective to any date not earlier than the appointed day. 6","Simplified text: Power to Address Issues:
If there are any problems during the transition from an existing law to a new law that will apply to certain territories, the national or state government can issue orders to resolve those problems.

When difficulties arise in implementing the provisions of this Act, excluding transitions from old laws, or in managing the acquired territories, the respective government can issue orders to address those difficulties within three years from the specified start date.

The government orders can be made retroactive to the specified start date but not before that date."
"SECTION 4 of Acquisition of Certain Area at Ayodhya Act, 1993
The Acquisition of Certain Area at Ayodhya Act, 1993
4. General effect of vesting.-
(1) The area shall be deemed to include all assets, rights, leaseholds, powers, authority and privileges and all property, movable and immovable, including lands, buildings, structures, shops of whatever nature or other properties and all other rights and interests in, or arising out of, such properties as were immediately before the commencement of this Act in the ownership, possession, power or control of any person or the State Government of Uttar Pradesh, as the case may be, and all registers, maps, plans, drawings and other documents of whatever nature relating thereto.
(2) All properties aforesaid which have vested in the Central Government under section 3 shall, by force of such vesting, be freed and discharged from any trust, obligation, mortgage, charge, lien and all other encumbrances affecting them and any attachment, injunction, decree or order of any court or  tribunal or other authority restricting the use of such properties in any manner or appointing any receiver in respect of the whole or any part of such properties shall cease to have any effect.
(3) If, on the commencement of this Act, any suit, appeal or other proceeding in respect of the right, title and interest relating to any property which has vested in the Central Government under section 3, is pending before any court, tribunal or other authority, the same shall abate.","Simplified text: General Effect of Vesting: After this law starts, all assets and rights related to the area in Ayodhya will belong to the government instead of private individuals or the state government of Uttar Pradesh. This includes lands, buildings, shops, and any other property, along with documents like maps and plans. Any obligations or restrictions on these properties will be removed, and any ongoing legal actions regarding these properties will end."
"SECTION 6 of Acquisition of Certain Area at Ayodhya Act, 1993
The Acquisition of Certain Area at Ayodhya Act, 1993
6. Power of Central Government to direct vesting of the area in another authority or body or trust.-
(1) Notwithstanding anything contained in sections 3, 4, 5 and 7, the Central Government may, if it is satisfied that any authority or other body, or trustees of any trust, set up on or after the commencement of this Act is or are willing to comply with such terms and conditions as that Government may think fit to impose, direct by notification in the Official Gazette, that the right, title and interest or any of them in relation to the area or any part thereof, instead of continuing to vest in the Central Government, vest in that authority or body or trustees of that trust either on the date of the notification or on such later date as may be specified in the notification.
(2) When any right, title and interest in relation to the area or part thereof vest in the authority or body or trustees referred to in sub-section (1), such rights of the Central Government in relation to such area or part thereof, shall, on and from the date of such vesting, be deemed to have become the rights of that authority or body or trustees of that trust.
(3) The provisions of sections 4, 5, 7 and 11 shall, so far as may be, apply in relation to such authority or body or trustees as they apply in relation to the Central Government and for this purpose references therein to the Central Government shall be construed as references to such authority or body or trustees.","Simplified text: Directing Transfer of Area: The Central Government has the power to instruct that the ownership of a specific area in Ayodhya be transferred to another entity, organization, or trust. This can happen if the newly established entity or trust agrees to comply with any conditions set by the Government, as specified in an official notification. Once the transfer is complete, the rights that previously belonged to the Central Government will now belong to the new entity or trust. The relevant sections of the Act will apply to the new entity or trust in the same way as they applied to the Central Government, with necessary adjustments in references."
"SECTION 7 of Acquisition of Certain Area at Ayodhya Act, 1993
The Acquisition of Certain Area at Ayodhya Act, 1993
Chapter III
Management and Administration of Property
7. Management of property by Government.-
(1) Notwithstanding anything contained in any contract or instrument or order of any court, tribunal or other authority to the contrary, on and from the commencement of this Act, the property vested in the Central Government under section 3 shall be managed by the Central Government or by a person or body of persons or trustees of any trust authorised by that Government in this behalf.
(2) In managing the property vested in the Central Government under section 3, the Central Government or the authorised person shall ensure that the position existing before the commencement of this Act in the area on which the structure (including the premises of the inner and outer courtyards of such structure), commonly known as the Ram Janma Bhumi-Babri Masjid, stood in village Kot Ramchandra in Ayodhya, in Pargana Haveli Avadh, in tehsil Faizabad Sadar, in the district of Faizabad of the State of Uttar Pradesh is maintained.","Simplified text: Management of Property:
The government will manage the property acquired in Ayodhya under the 1993 law. This means that the Central Government or any person or group authorized by the government will be in charge of managing the property.

Preservation of Area:
The government or authorized personnel managing the property must ensure that the original state of the area where the Ram Janma Bhumi-Babri Masjid structure was located in Ayodhya is maintained."
"SECTION 8 of Acquisition of Certain Area at Ayodhya Act, 1993
The Acquisition of Certain Area at Ayodhya Act, 1993
Chapter IV
Miscellaneous
8. Payment of amount.-
(1) The owner of any land, building, structure or other property comprised in the area shall be given by the Central Government, for the transfer to and vesting in that Government under section 3 of that land, building, structure or other property, in cash an amount equivalent to the market value of the land, building, structure or other property.
(2) The Central Government shall, for the purpose of deciding the claim of the owner or any person having a claim against the owner under sub-section (1), by notification in the Official Gazette, appoint a Claims Commissioner.
(3) The Claims Commissioner shall regulate his own procedure for receiving and deciding the claims.
(4) The owner or any person having a claim against the owner may make a claim to the Claims Commissioner within a period of ninety days from the date of commencement of this Act:
Provided that if the Claims Commissioner is satisfied that the claimant was prevented by sufficient cause from preferring the claim within the said period of ninety days, the Claims Commissioner may entertain the claim within a further period of ninety days and not thereafter.","Simplified text:
Payment for Property Acquisition:
1. The owner of any land, building, structure, or property in the area must be paid by the Central Government an amount equal to the market value of the property for it to be transferred to the government.
2. To assess these claims, the Central Government will appoint a Claims Commissioner through an Official Gazette notification.
3. The Claims Commissioner will establish their own process for receiving and deciding on claims.
4. Owners or those with claims against the owner must submit their claims to the Claims Commissioner within 90 days of the Act's commencement. If there's a valid reason for delay, the Commissioner may consider claims up to an additional 90 days."
"SECTION 12 of Acquisition of Certain Area at Ayodhya Act, 1993
The Acquisition of Certain Area at Ayodhya Act, 1993
12. Power to make rules.-
(1) The Central Government may, by notification in the Official Gazette, make rules to carry out the provisions of this Act.
(2) Every rule made by the Central Government under this Act shall be laid, as soon as may be after it is made, before each House of Parliament, while it is in session, for a total period of thirty days which may be comprised in one session or in two or more successive sessions, and if, before the expiry of the session immediately following the session or the successive sessions aforesaid, both Houses agree in making any modification in the rule or both Houses agree that the rule should not be made, the rule shall thereafter have effect only in such modified form or be of no effect, as the case may be; so, however, that any such modification or annulment shall be without prejudice to the validity of anything previously done under that rule.","Simplified text: Rule-making Power:
The Central Government can create rules through an official announcement in the Gazette to enforce this law.
The rules created by the Central Government must be presented to Parliament during a session for 30 days. If both Houses of Parliament agree on changing the rule or not enacting it in the session following the creation of the rule, it will either be modified or voided. Any changes or voiding will not impact actions taken under the rule before the modification or annulment."
"SECTION 13 of Acquisition of Certain Area at Ayodhya Act, 1993
The Acquisition of Certain Area at Ayodhya Act, 1993
13. Repeal and saving.-
(1) Subject to the provisions of sub-section (2), the Acquisition of Certain Area at Ayodhya Ordinance, 1993 ( Ord. 8 of 1993), is hereby repealed.
(2) Notwithstanding anything contained in the said Ordinance,-
(a) the right, title and interest in relation to plot No. 242 situated in village Kot Ramchandra specified against Sl. No. 1 of the Schedule to the said Ordinance shall be deemed never to have been transferred to, and vested in, the Central Government;
(b) any suit, appeal or other proceeding in respect of the right, title and interest relating to the said plot No. 242, pending before any court, tribunal or other authority, shall be deemed never to have abated and such suit, appeal or other proceeding (including the orders or interim orders of any court thereon) shall be deemed to have been restored to the position existing immediately before the commencement of the said Ordinance;
(c) any other action taken or thing done under that Ordinance in relation to the said plot No. 242 shall be deemed never to have been taken or done.
(3) Notwithstanding such repeal, anything done or any action taken under the said Ordinance shall be deemed to have been done or taken under the corresponding provisions of this Act.","Simplified text: Repeal and Saving:
The Acquisition of Certain Area at Ayodhya Act, 1993
Repeal:
The Acquisition of Certain Area at Ayodhya Ordinance, 1993 (Ord. 8 of 1993) is no longer valid.
Protection of Rights:
Any rights related to plot No. 242 in village Kot Ramchandra stated in the ordinance will be considered as never transferred to the Central Government.
Legal Proceedings:
Ongoing legal cases concerning plot No. 242 will resume as they were before the ordinance came into effect.
Actions Nullified:
Any activities carried out under the ordinance related to plot No. 242 will be considered as if they never occurred.
Continuation:
Despite the repeal, actions taken under the ordinance will be deemed as if they were carried out under this Act."
"SECTION 2 of Actuaries Act, 2006
The Actuaries Act, 2006
2. Definitions. - 
1. 

 In

this Act, unless the context otherwise requires,-
a.    ""Actuary""

means a person skilled in determining the present effects of future contingent

events or in finance modelling and risk analysis in different areas of

insurance, or calculating the value of life interests and insurance risks, or

designing and pricing of policies, working out the benefits, recommending rates

relating to insurance business, annuities, insurance and pension rates on the

basis of empirically based tables and includes a statistician engaged in such

technology, taxation, employees' benefits and such other risk management and

investments and who is a fellow member of the Institute; and the expression

""actuarial science"" shall be construed accordingly; 
b.    ""Actuarial

Society"" means the Actuarial Society of India registered under the

Societies Registration Act, 1860 and the Bombay Public Trusts Act, 1950;
c.    ""appointed

day"" means the date on which the Institute is constituted under

sub-section (1) of section 3;
d.    ""Authority""

means the Appellate Authority referred to in section 32;
e.    ""Board""



means the Quality Review Board constituted under sub-section (1) of section 43;


f.    ""Council""

means the Council of the Institute as referred to in section 12;
g.    ""fellow""

means a fellow member of the Institute;
h.    ""Institute""

means the Institute of Actuaries of India constituted under section 3;
i.    ""member""

means an individual whose name appears in the register of members maintained by

the Institute;
j.    ""prescribed""



means prescribed by rules made under this Act;(k) ""President"" means

the President of the Council;
k.    ""register""

means the register of members maintained by the Institute under this Act;
l.    ""specified""



means specified by regulations made under this Act;
m.    ""Tribunal""

means a Tribunal established under sub-section (1) of section 16;
n.    ''Vice-President''

means the Vice-President of the Council;
o.    ""year""



means the period commencing on the 1st day of April of any year and ending on

the 31st day of March of the succeeding year.
1. 

  
2. 

 Save

as otherwise provided in this Act, a member of the Institute shall be deemed

""to be in practice"" when individually or in partnership with

Actuaries in practice as a member or an employee of a company, he, whether or

not in consideration of remuneration received or to be received,-
 

i. 



 engages

himself in actuarial profession; or 
 

ii. 

 offers

to perform or performs services involving the application of actuarial

techniques in the fields of insurance, pension, investment, finance and

management; or
 

iii. 

 renders

such other services as, in the opinion of the Council, are or may be rendered

by an actuary in practice; or 
 

iv. 



 is

in employment of a person engaged in one or more of the activities mentioned in

clauses (i), (ii) and (iii) above, and the words ""to be in practice""

with their grammatical variations and cognate expressions shall be construed

accordingly. 
Explanation.-For the

purposes of this sub-section, the expression ""company"" includes a

public financial institution as defined in section 4A of the Companies Act,

1956.","**Simplified text:**
Definitions: Definitions in the Actuaries Act, 2006

- **Actuary:** A person skilled in analyzing future events' impacts, financial modeling, risk analysis in insurance, valuation of life interests and risks, policy design and pricing, benefit calculations, and setting insurance-related rates. This also includes statisticians involved in technology, taxation, employee benefits, risk management, and investments, who are fellow members of the Institute, with ""actuarial science"" interpreted accordingly.
- **Actuarial Society:** The Actuarial Society of India registered under relevant acts.
- **Appointed Day:** The date when the Institute is formed under section 3.
- **Authority:** The Appellate Authority mentioned in section 32.
- **Board:** The Quality Review Board established under section 43.
- **Council:** The Institute's Council referred to in section 12.
- **Fellow:** A fellow member of the Institute.
- **Institute:** The Institute of Actuaries of India formed under section 3.
- **Member:** An individual listed in the Institute's member register.
- **Prescribed:** Determined through rules made under this Act.
- **President:** The Council's President.
- **Register:** The Institute's member register maintained under this Act.
- **Specified:** Indicated by regulations under this Act.
- **Tribunal:** A Tribunal set up under section 16.
- **Vice-President:** The Council's Vice-President.
- **Year:** Period starting on April 1st of a year and ending on March 31st of the following year.

Practice Rules: Membership and acting as an Actuary

- A member of the Institute is considered to be ""in practice"" if they, individually or in partnership with other practicing actuaries, engage in actuarial work or offer services that employ actuarial techniques in insurance, pensions, investments, finance, or management. This includes providing other services deemed suitable by the Council for actuaries in practice, or being employed by a person involved in these activities. The term ""to be in practice"" is interpreted accordingly, where ""company"" includes public financial institutions as per the Companies Act, 1956."
"SECTION 3 of Actuaries Act, 2006
The Actuaries Act, 2006
Chapter II Institute

of Actuaries of India
3. Incorporation of

Institute - 
1. 

 With

effect from such date as the Central Government may, by notification in the

Official Gazette, appoint, all persons whose names are entered in the register

of the Actuarial Society at the commencement of this Act and all persons who

may thereafter have their names entered in the register to be maintained under

this Act, so long as they continue to have their names borne on the register,

are hereby constituted a body corporate by the name of the Institute of

Actuaries of India and all such persons shall be known as members of the

Institute.
2. 

 The

Institute shall have perpetual succession and a common seal and shall have

power to acquire, hold and dispose of property, both movable and immovable, and

shall by its name sue or be sued.
3. 

 The

head office of the Institute shall be situated at such place as may be decided

by the Central Government.","Simplified text: 

The Actuaries Act, 2006 
Chapter II - Institute of Actuaries of India 

Incorporation of the Institute: 
1. From the date specified by the Central Government in the Official Gazette, all individuals listed in the Actuarial Society's register at the start of this Act, and those added later to the register under this Act, form a legal entity called the Institute of Actuaries of India. They are recognized as members of the Institute as long as they remain on the register. 
2. The Institute has continuous existence, a seal, and the authority to own, manage, and transfer both movable and immovable property. It can also legally participate in lawsuits under its name. 
3. The Institute's main office will be located at a place determined by the Central Government."
"SECTION 4 of Actuaries Act, 2006
The Actuaries Act, 2006
4. Transfer of

assets, liabilities, etc., of Actuarial Society. - 
On the appointed

day,- 
a. 

 all

the assets and liabilities of the Actuarial Society shall stand transferred to,

and vested in, the Institute. Explanation.-The assets of the Actuarial Society

shall be deemed to include all rights and powers and all properties, whether

movable or immovable, including, in particular, cash balances, deposits and all

other interests and rights in, or arising out of, such properties as may be in

the possession of the said Society and all books of account and other documents

relating to the same; and liabilities shall be deemed to include all debts,

liabilities and obligations of whatever kind; 
b. 

 without

prejudice to the provisions of clause (a), all debts, obligations and

liabilities incurred, all contracts entered into and all matters and things

engaged to be done by, with or for the Actuarial Society immediately before

that day, for or in connection with the purpose of the said Society, shall be

deemed to have been incurred, entered into or engaged to be done by, with or

for, the Institute;
c. 

 all

sums of money due to the Actuarial Society immediately before that day shall be

deemed to be due to the Institute; and
d. 

 all

suits and other legal proceedings instituted or which could have been

instituted by or against the Actuarial Society immediately before that day may

be continued or may be instituted by or against the Institute.","Simplified text: Transfer of Assets and Liabilities:
On the designated day:
a. All assets and liabilities of the Actuarial Society will be moved to and held by the Institute. This includes all types of property and cash, as well as any debts and obligations.
b. All debts, obligations, contracts, and engagements made by or for the Actuarial Society before that day will now be considered as made by or for the Institute.
c. Any money owed to the Actuarial Society will now be owed to the Institute.
d. Any legal actions taken by or against the Actuarial Society can now be taken by or against the Institute."
"SECTION 6 of Actuaries Act, 2006
The Actuaries Act, 2006
6. Entry of names in

register. - 
1. 

 Any

of the following persons shall be entitled to have his name entered in the

register, namely:-
a.    any person who

immediately before the appointed day was an associate or a fellow (including an

honorary fellow) of the Actuarial Society; 
b.    any person who has

passed the examination conducted by the Actuarial Society and has completed

training either as specified by the said Society or as specified by the

Council, except any such person who is not a permanent resident of India;
c.    any person who has

passed such examination and completed such training, as may be specified for

membership of the Institute;
d.    any person who has

passed such other examination and completed such other training outside India

as is specified as being equivalent to the examination and training specified

under this Act for membership of the Institute: Provided that in the case of

any person belonging to any of the classes mentioned in this sub-section who is

not permanently residing in India, the Central Government or the Council may

impose such further conditions as it may deem necessary or expedient in the

public interest.
1. 

  
2. 

 Every

person mentioned in clause (a) of sub-section (1) may have his name entered in

the register without the payment of any entrance fee.
3. 



 Every

person belonging to any of the classes mentioned in clauses (b), (c) and (d) of

sub-section (1) shall have his name entered in the register on an application

being made and granted in the specified manner and on payment of such fees, as

may be specified.
4. 

 The

Council shall take such steps as may be necessary for the purpose of having the

names of all persons belonging to the class mentioned in clause (a) of

sub-section (1) entered in the register before the appointed day.
5. 

 Notwithstanding

anything contained in this section, the Council may confer on any person

honorary fellow membership, if the Council is of the opinion that such person

has made a significant contribution to the profession of Actuary and thereupon

the Council shall enter the name of such person in the register but such person

shall not have any voting rights in any election or meetings of the Institute

and shall not also be required to pay any fee to the Institute.","Simplified text: Section 6 of the Actuaries Act, 2006
Register Entry:
Who Can Apply: You can have your name added to the register if you fall into any of these categories:
a. Previously Associated: If you were an associate or fellow (including an honorary fellow) of the Actuarial Society before the appointed day.
b. Exam Passer: If you passed the Actuarial Society's exam and completed the required training specified by the Society or Council, except if you are not a permanent resident of India.
c. Institute Membership: If you passed the specified exam and training for Institute membership.
d. Equivalent Overseas Training: If you passed an exam and completed training abroad, equivalent to what's required under this Act for Institute membership. Extra conditions may be applied by the Central Government or Council for non-residents for the public interest.

Entry Process:
- Clause (a) applicants can enter the register without paying an entrance fee.
- Applicants falling under clauses (b), (c), and (d) can apply for registration in a specified manner and upon payment of specified fees.

Council's Responsibility:
The Council must ensure that all individuals falling under clause (a) are registered before the appointed day.

Honorary Membership:
The Council may grant honorary fellow membership to individuals who have significantly contributed to the actuarial profession. They will be listed in the register without voting rights or the need to pay fees to the Institute."
"SECTION 8 of Actuaries Act, 2006
The Actuaries Act, 2006
8. Honorary,

affiliate and student members. - 
1. 

 The

Council may choose, in such manner as may be specified, any person of eminence

in matters relating to and of interest to the profession of Actuary as an

honorary member of the Institute provided that he is not practicing as an

Actuary.
2. 

 Any

person, who is a fellow member, or is a holder of membership considered

equivalent to the fellow membership of the Institute, of any other institution

similar to the Institute, whether within or outside India, may be admitted as

an affiliate member for such period, and on such terms and conditions as may be

specified. 
3. 

 Any

person who enrolls himself for examination of the Institute, and possesses such

academic qualifications as may be specified, may be admitted as a student

member of the Institute on such terms and conditions as may be specified. 
4. 



 An

honorary member or an affiliate member or a student member shall have no right

to vote on any matter or resolution in any meeting of the Institute.","Simplified text: SECTION 8 of Actuaries Act, 2006

Honorary, Affiliate, and Student Members:

The Actuaries Act, 2006 allows for the following types of members:

1. Honorary Members: The Council can appoint individuals who are highly knowledgeable in Actuarial matters as honorary members, as long as they are not practicing as an Actuary.
2. Affiliate Members: Individuals who are fellow members of similar institutions, within or outside India, can join as affiliate members under terms specified by the Institute.
3. Student Members: Individuals enrolling for Institute examinations with specified academic qualifications can become student members under terms specified by the Institute.
4. Restrictions: Honorary, affiliate, and student members cannot vote on any matters or resolutions during Institute meetings."
"SECTION 11 of Actuaries Act, 2006
The Actuaries Act, 2006
11.

Disqualifications. - 
Notwithstanding

anything contained in section 6, a person shall not be entitled to have his

name entered in, or borne on, the register if he-
a. 

 has

not attained the age of twenty-one years at the time of his application for the

entry of his name in the register; or
b. 

 is

of unsound mind and stands so adjudged by a competent court; or
c. 

 is

an undischarged insolvent; or 
d. 

 being

a discharged insolvent, has not obtained from the court a certificate stating

that his insolvency was caused by misfortune and without any misconduct on his

part; or
e. 

 has

been convicted by a competent court whether within or outside India, of an

offence involving moral turpitude and punishable with imprisonment or of an

offence, not of a technical nature, committed by him in his professional

capacity unless in respect of the offence committed he has either been granted

a pardon or, on an application made by him in this behalf, the Central

Government has, by an order in writing, removed the disqualification; or
f. 

 has

been removed from the membership of the Institute on being found on inquiry to

have been guilty of a professional or other misconduct: Provided that a person

who has been removed from the membership for a specified period shall not be

entitled to have his name entered in the Register until the expiry of such

period.","Simplified text:
Disqualifications:
A person cannot be listed on the register if they:
- are under 21 years old when applying for registration,
- are declared legally incompetent,
- are bankrupt and not discharged,
- were bankrupt but it was not due to any wrongdoing,
- have been convicted of a serious offence involving dishonesty or a professional misconduct, unless they have been pardoned or the disqualification has been removed by the Central Government,
- have been expelled from the professional institute for misconduct, and must wait until the specified period ends to reapply."
"SECTION 12 of Actuaries Act, 2006
The Actuaries Act, 2006
12. Composition of

Council of Institute. -. 
1. 

 There

shall be a Council of the Institute for the management of the affairs of the

Institute and for discharging the functions assigned to it by or under this

Act.
2. 

 The

Council shall be composed of the following persons, namely:-
a.    a minimum of nine and

not more than twelve persons from amongst fellow members to be elected by the

fellow and the associate members of the Institute in such manner as may be

prescribed: Provided that a fellow of the Institute, who has been found guilty

of any professional or other misconduct and whose name is removed from the

Register or has been awarded penalty of fine, shall not be eligible to contest

election,-
 

i. 



 in

case of misconduct falling under the Schedule of this Act [except Part IV(B)],

for a period of three years; or
 

ii. 

 in

case of misconduct falling under Part IV(B) of the Schedule of this Act, for a

period of six years, after the completion of the period of removal of name of

the fellow from the Register or the payment of fine is made, as the case may

be; and
a. 

  
b.   
 

i. 

 an

officer not below the rank of Joint Secretary to the Government of India, to be

nominated by the Central Government to represent the Ministry of Finance;
 

ii. 

 one

person from the Insurance Regulatory and Development Authority constituted

under the Insurance Regulatory and Development Authority Act, 1999 nominated by

the Central Government; and
 

iii. 

 not

more than two persons having knowledge in the field of life insurance, general

insurance, finance, economics, law, accountancy or any other discipline which

in the opinion of the Central Government, would be useful to the Council, to be

nominated in such manner as may be prescribed: Provided that till such time as

the Council is constituted under this Act, the Executive Committee of the

Actuarial Society shall discharge all the functions and shall have all the

powers of the Council.
1. 

  
2. 

  
3. 

 No

person holding a post under the Central Government or a State Government, as

the case may be, shall be eligible for election to the Council under clause (a)

of sub-section (2).
4. 

 One-third

of the members of the Council referred to in clause (a) of sub-section (2)

shall retire as soon as may be on the expiration of every second year by

rotation but shall be eligible for re-election.
5. 

 Any

person nominated under clause (b) of sub-section (2) shall hold office for a

period of six years from the date of his nomination unless he is removed

earlier by the Central Government and shall be eligible for re-nomination:

Provided that he shall be given an opportunity of being heard before such

removal.","Simplified text:
Council Composition:
There will be a Council responsible for managing the affairs of the Institute and carrying out its duties as per the Act.
This Council will consist of:
- A minimum of nine and a maximum of twelve individuals elected by fellow and associate members as prescribed. Not eligible for election are fellows found guilty of misconduct under specific parts of the Act for certain periods.
- An officer nominated by the Central Government to represent the Ministry of Finance.
- A person nominated by the Central Government from the Insurance Regulatory and Development Authority.
- Up to two individuals knowledgeable in various fields like life insurance, general insurance, finance, economics, law, or accountancy, as deemed useful by the Central Government and nominated as prescribed.
Until the Council is formed as per the Act, the Executive Committee of the Actuarial Society will carry out all functions and powers of the Council.
Eligibility and Tenure:
Government employees are not eligible for election to the Council under certain clauses.
One-third of the Council members mentioned above will step down every two years but can be re-elected.
Individuals nominated per a specific clause will serve a term of six years unless removed earlier by the Central Government, with the opportunity for a hearing before removal."
"SECTION 16 of Actuaries Act, 2006
The Actuaries Act, 2006
16. Establishment of

Tribunal. - 
1. 

 On

receipt of any application under section 15, the Central Government shall, by

notification, establish a Tribunal consisting of a Presiding Officer and two

other Members to decide such dispute and the decision of such Tribunal shall be

final.
2. 

 A

person shall not be qualified for appointment,-
a.    as a Presiding

Officer of the Tribunal unless he has been a member of the Indian Legal Service

and has held a post in Grade I of the service for at least three years;
b.   as a Member unless he

has been a member of the Council for at least one full term and who is not a

sitting Member of the Council or who has not been a candidate in the election

under dispute; and
c.    as a Member unless he

holds the post of a Joint Secretary to the Government of India or any other

post under the Central Government carrying a scale of pay which is not less

than that of a Joint Secretary to the Government of India.
1. 

  
2. 

  
3. 

 The

terms and conditions of service of the Presiding Officer and Members of the

Tribunal, their place of meetings, remuneration and allowances shall be such as

may be prescribed.
4. 

 The

expenses of the Tribunal shall be borne by the Council.","Simplified text: Establishment of Tribunal:

When an application is submitted under section 15, the Central Government will establish a Tribunal through an official announcement. This Tribunal will include a Presiding Officer and two Members who will make final decisions on disputes.

Qualifications for Appointment:

To be appointed as:
1. A Presiding Officer: Must have been a member of the Indian Legal Service and held a Grade I position for at least three years.
2. A Member: Must have served at least one full term on the Council but cannot be a current member or a candidate in any disputed election. Must also hold a position of at least Joint Secretary to the Government of India or equivalent in pay scale.

Terms and Conditions of Service:

The terms, meeting locations, payment, and benefits of the Presiding Officer and Members of the Tribunal will be determined by regulations.

Payment of Expenses:

The Council will cover the expenses of the Tribunal."
"SECTION 17 of Actuaries Act, 2006
The Actuaries Act, 2006
17. President,

Vice-President and Honorary Secretary. - 
1. 

 The

Council shall, at its first meeting, elect three of its members from amongst

persons referred to in clause (a) of sub-section (2) of section 12, to be

respectively the President, Vice-President and Honorary Secretary thereof, and

as often as the office of the President, Vice-President and Honorary Secretary

falls vacant, the Council shall choose one of the member in the same manner:

Provided that the Chairperson of the Council of the Actuarial Society shall

continue to hold such office as President after the commencement of this Act,

until such time as a President is elected under the provisions of this

sub-section.
2. 

 The

President shall be the Chief Executive Officer of the Council.
3. 

 The

President, the Vice-President or the Honorary Secretary shall hold office for a

period of two years from the date on which he is chosen provided that he

continues to be a member of the Council.
4. 



 The

President and the Vice-President shall, notwithstanding the expiration of his

term, continue to hold office until his successor enters upon his office.
5. 

 In

the event of occurrence of any vacancy in the office of the President, the

Vice-President shall act as the President until a new President is elected in

accordance with the provisions of this section to fill such vacancy and enters

upon his office.
6. 

 When

the President is unable to discharge his functions owing to absence, illness or

any other cause, the Vice-President shall discharge his functions until the

President resumes his duties.","President, Vice-President, and Honorary Secretary:

1. When the Council of Actuaries Act, 2006, first meets, they must choose three members from those listed in clause (a) of section 12(2) to be the President, Vice-President, and Honorary Secretary. Whenever one of these positions becomes vacant, the Council will select a replacement in the same way. The Chairperson of the Actuarial Society's Council will be the President until a new President is elected as per this rule.

2. The President will be the Council's Chief Executive Officer.

3. The President, Vice-President, and Honorary Secretary will serve for two years once chosen, as long as they remain Council members.

4. The President and Vice-President will continue in their roles until their successors are appointed, even if their term has officially ended.

5. If the President's position becomes vacant, the Vice-President will act as President until a new President is chosen and starts the role.

6. If the President cannot fulfill their duties due to absence, illness, or other reasons, the Vice-President will act in their place until the President resumes their responsibilities."
"SECTION 18 of Actuaries Act, 2006
The Actuaries Act, 2006
18. Resignation from

membership and filling up of casual vacancies. - 
1. 

 Any

member of the Council may at any time resign his membership by writing under

his hand addressed to the President, and the seat of such member shall become

vacant when such resignation is accepted and notified by the Council.
2. 

 A

member of the Council, other than a member nominated under clause (b) of

sub-section (2) of section 12 shall be deemed to have vacated his seat if he is

declared by the Council to have been absent without sufficient reason from

three consecutive meetings of the Council, or of any of the Committees

constituted by the Council, and of which he is a member or he has been found

guilty of any professional or other misconduct and awarded penalty of fine or if

his name is, for any cause, removed from the register under the provisions of

sections 24 and 30.
3. 

 A

casual vacancy in the office of a member of the Council shall be filled by

fresh election or by nomination by the Central Government, as the case may be,

and the person elected or nominated to fill the vacancy shall hold office only

for the remainder of the term for which the member in whose place he was

elected or nominated would have held that office: Provided that no election

shall be held to fill a casual vacancy occurring within one year prior to the

date of the expiration of the term of such member.
4. 



 No

act done by the Council shall be called in question on the ground merely of the

existence of any vacancy in, or defect in the constitution of the Council.","Simplified text:
Resignation and Filling Vacancies:
Any Council member can resign by informing the President in writing. The seat becomes empty after the Council accepts and notifies the resignation.
A Council member, except for those nominated under specific circumstances, will be considered to have left if:
- Absent from three consecutive Council or Committee meetings without a valid reason.
- Found guilty of professional or other misconduct resulting in a fine, or removed from the register under certain provisions.
A vacant Council position will be filled by fresh election or nomination by the Central Government, serving the remaining term of the previous member.
No Council action can be challenged due to a vacancy or constitution defect."
"SECTION 19 of Actuaries Act, 2006
The Actuaries Act, 2006
19. Functions of

Council. - 
1. 

 The

duty of carrying out the functions under the provisions of this Act shall be

vested in the Council.
2. 

 In

particular and without prejudice to the generality of the foregoing power, the

functions of the Council shall include-
a.    the holding of

examination of the candidates for enrolment and specifying fees there for; 
b.    the specifying of

qualifications for entry in the register;
c.    the recognition of

foreign qualifications and training for the purposes of enrolment;(d) the

granting of or refusal to grant the certificate of practice under this Act;
d.    the maintenance and

publication of a register of persons qualified to practice as Actuaries;
e.    the levy and

collection of fees from members, students, examinees and other persons;
f.    the removal of names

from the register and the restoration to the register of names which have been

removed;
g.    the regulation and

maintenance of the status and standard of professional qualifications of

members of the Institute;
h.    to issue guidelines

for the observance of the members, including the student members;
i.    to receive gifts,

grants, donations or benefactions from the Central or State Governments and to

receive bequests, donations and transfer of movable or immovable properties

from testators, donors or transferors, as the case may be;
j.    co-operating with

educational or other institutions in any part of the world having objects

wholly or partly similar to those of the Institute by exchange of members and

generally in such manner as may be conducive to achievement of their common

objects;
k.    instituting and

awarding fellowships, scholarships, prizes and medals; 
l.    giving gifts, grants,

donations or benefactions to other institutions or bodies having objects

similar to those of the Institute;
m.    the carrying out, by

granting financial assistance to persons other than members of the Council, or

in any other manner, of research in the actuarial science;
n.    the maintenance of a

library and publication of books, journals and periodicals relating to

actuarial science;
o.    the exercise of

disciplinary powers conferred by this Act;
p.    establishing such

regional council or councils as may be decided from time to time and fixing

their headquarters; and(r) doing all such things as may be necessary,

incidental or conducive to the attainment of all or any of the objects of the

Institute.","Simplified text: Functions of the Council under the Actuaries Act, 2006:

1. Conduct Examinations: The Council is responsible for organizing exams for individuals seeking enrollment and setting associated fees.

2. Specifications and Recognition: The Council determines the qualifications required for registration, recognizes foreign qualifications for enrollment, and decides whether to issue practice certificates.

3. Maintain Register: The Council maintains and publishes a register of qualified Actuaries, collects fees from members, and handles registration matters.

4. Professional Standards: The Council regulates and upholds the professional standards and qualifications of Institute members, and issues guidelines for compliance by members and students.

5. Financial Responsibilities: The Council collects fees, receives financial assistance and donations, and funds research in actuarial science. They may also provide grants and gifts to other institutions with similar objectives.

6. Educational Collaboration: The Council collaborates with educational institutions worldwide for mutual benefit and may establish regional councils as needed.

7. Disciplinary Powers: The Council has the authority to enforce disciplinary measures outlined in the Act.

Overall, the Council carries out various functions to support the objectives of the Institute and maintain high standards in the field of actuarial science."
"SECTION 21 of Actuaries Act, 2006
The Actuaries Act, 2006
21. Committees of

Council. - 
1. 

 The

Council may constitute such committees from amongst its members, and co-opt

therein persons who are not members of the Institute, as it deems necessary for

the purpose of carrying out the provisions of this Act: Provided that the

number of co-opted members shall not exceed one-third of the total membership

of the committee.
2. 

 Every

committee constituted under this section shall elect its own Chairman: Provided

that-
 

i. 

 where

the President is a member of such committee, he shall be the Chairman of such

committee, and in his absence, the Vice-President, if he is a member of such

committee, shall be its Chairman; and
 



 ii. 

 where

the President is not a member of such committee but the Vice-President is a

member, he shall be its Chairman. 
1. 

  
2. 

  
3. 

 The

committees shall exercise such functions and be subject to such conditions as

may be specified.","**Committees of Council:**

1. **Formation of Committees:**
   - The Council can create committees from its members and add non-members as needed to carry out the requirements of this Act. However, the number of non-member additions should not be more than one-third of the total committee membership.

2. **Leadership within Committees:**
   - Each committee established under this section should choose its own Chairperson. 
   - If the President is part of the committee, they automatically become the Chairman. If the President is not present, the Vice-President assumes the role if they are part of the committee.
   - If the President is not on the committee but the Vice-President is, the Vice-President shall be the Chairman.

3. **Functions of Committees:**
   - The committees will have specific functions and duties outlined for them."
"SECTION 22 of Actuaries Act, 2006
The Actuaries Act, 2006
22. Finances of

Council. - 
1. 

 There

shall be established a fund under the management and control of the Council

into which shall be paid all moneys (including donations and grants) received

by the Council and out of which shall be met all expenses and liabilities

incurred by the Council.
2. 

 The

Council may invest any money for the time being standing to the credit of the

fund in any security as it may deem prudent consistent with the considerations

of security of such investments and maximum returns thereon. Explanation.- For

the purposes of this sub-section, the expression ""securities"" shall

have the meaning assigned to it in section 2 of the Securities Contracts

(Regulation) Act, 1956, as amended from time to time.
3. 

 The

Council shall keep proper accounts of the fund distinguishing capital account

from revenue account.
4. 

 The

annual accounts of the Institute shall be subject to audit by a Chartered

Accountant in practice within the meaning of the Chartered Accountants Act,

1949 to be appointed annually by the Council: Provided that no member of the

Council who is a Chartered Accountant or a person who is in partnership with

such member shall be eligible for appointment as an auditor under this

sub-section.
5. 

 As

soon as may be practicable at the end of each year, but not later than the 30th

day of September of the year next following, the Council shall cause to be

published in the Gazette of India, a copy of the audited accounts and the

report of the Council for that year and copies of the said accounts and report

shall be forwarded to the Central Government and to all the members of the

Institute.
6. 

 The

Council may borrow from a scheduled bank, as defined in the Reserve Bank of

India Act, 1934, or from any public financial institution-
a.    any money required

for meeting its liabilities on capital account on the security of the fund or

on the security of any other asset, for the time being belonging to it ; or
b.    for the purpose of

meeting current liabilities, pending the receipt of income, by way of temporary

loan or overdraft. Explanation.-The expression ""public financial

institution"" means a financial institution specified in section 4A of the

Companies Act, 1956.","22. Finances of Council under Actuaries Act, 2006

Setting up Fund: The Council will have a fund that they manage. It will receive all money, like donations and grants, and use it to cover expenses and debts.

Investing Money: The Council can invest the fund's money in secure ways that provide good returns, following rules for safe and profitable investments.

Account Keeping: Separate accounts for capital and revenue will be maintained by the Council.

Annual Audit: An independent Chartered Accountant will audit the Council's annual accounts. Council members who are Chartered Accountants or work with one are not eligible to be appointed as auditors.

Publication of Accounts: The Council will publish audited accounts and reports in the Gazette of India by September 30 of the following year. They will also share these with the Central Government and Institute members.

Borrowing: The Council can borrow money from scheduled banks or public financial institutions. Funds can be used for liabilities or for temporary needs, with necessary security provided. Public financial institutions are those listed in the Companies Act, 1956."
"SECTION 23 of Actuaries Act, 2006
The Actuaries Act, 2006
Chapter III Register

of Members
23. Register. - 
1. 

 The

Council shall maintain in the specified manner a register of the members of the

Institute.
2. 

 The

register shall include the following particulars about every member of the

Institute, namely:-
a.    his full name, date

of birth, domicile, residential and professional addresses;
b.    the date on which his

name is entered in the register;
c.    his qualifications;
d.    whether he holds a

certificate of practice; and
e.    any other particulars

which may be specified.
1. 

  
2. 

  
3. 

 The

Council shall cause to be published in such manner as may be specified a list

of members as on the 1st day of April each year, and shall, if requested to do

so by any such member, send him a copy of such list, on payment of such amount

as may be specified.
4. 

 Every

member of the Institute shall, on his name being entered in the register, pay

such annual membership fee as may be specified by the Council.","Chapter III Register - Members Registry

Register Maintenance:
The Council of the Institute will maintain a register of its members in a specified manner.

Information Included:
The register will contain specific details about each member, including:
- Full name, date of birth, domicile, and residential and professional addresses
- Entry date in the register
- Qualifications
- Certification of practice status
- Any other specified details

Publication of List:
The Council will annually publish a list of members as of April 1st and, upon request, provide a copy to the member for a specified fee.

Membership Fee:
Upon registration, every Institute member must pay an annual membership fee determined by the Council."
"SECTION 36 of Actuaries Act, 2006
The Actuaries Act, 2006
36. Appeal to

Authority. - 
1. 

 Any

member of the Institute aggrieved by any order of the Council imposing on him

any of the penalties referred to in section 30, may, within ninety days of the

date on which the order is communicated to him, prefer an appeal to the

Authority: Provided that the Authority may entertain any such appeal after the

expiry of the said period of ninety days, if it is satisfied that there was

sufficient cause for not filing the appeal in time.
2. 

 The

Authority may, after calling for the records of any case, revise any order made

by the Council under section 30 and may-
a.    confirm, modify or

set aside the order;
b.    impose any penalty or

set aside, reduce or enhance the penalty imposed by the order;
c.    remit the case to the

Disciplinary Committee for such further inquiry as the Authority considers

proper in the circumstances of the case; or
d.    pass such other order

as the Authority thinks fit: Provided that the Authority shall give an

opportunity of being heard to the parties concerned before passing any order.","Simplified text: Appeal Process under Actuaries Act, 2006
Appeal to Authority: Any member of the Institute who feels unfairly treated by a decision of the Council imposing penalties on them can appeal to the Authority within ninety days of being notified of the decision. The Authority may consider appeals even after this period if there was a valid reason for the delay.

Review and Decision: The Authority has the power to review Council decisions under section 30 by examining the case records. The Authority can:
- Confirm, change, or cancel the Council's decision.
- Apply new penalties or adjust existing ones.
- Refer the case back for further investigation by the Disciplinary Committee.
- Make any other necessary decisions. The Authority will allow all involved parties to present their side before making a ruling."
"SECTION 38 of Actuaries Act, 2006
The Actuaries Act, 2006
38. Penalty for using

name of Institution, awarding degrees of actuarial science, etc. - 
1. 

 Save

as otherwise provided in this Act, no person shall-
a.    use a name or a

common seal which is identical with the name or the common seal of the

Institute or so nearly resembles it so as to deceive or as is likely to deceive

the public; or
b.    award any degree,

diploma or certificate or bestow any designation which indicates or purports to

indicate the position or attainment of any qualification or competence in actuary

ship similar to that of a member of the Institute; or(c) seek to regulate in

any manner whatsoever the profession of Actuaries.
1. 



  
2. 

 Any

person contravening the provisions of sub-section (1) shall, without prejudice

to any other proceedings, which may be taken against him, be punishable with

fine, which may extend on first conviction to fifty thousand rupees and on any

subsequent conviction with imprisonment which may extend to one year, or, with

fine which may extend to one lakh rupees, or with both.
3. 

 Nothing

contained in this section shall apply to any University or other institution

established by law or to any body affiliated to the Institute.","**Simplified text:**

Using Names and Awards:

1. No one can:
   a. Use a name or seal that's the same or very similar to the Institute's.
   b. Give out degrees, diplomas, certificates, or titles that suggest they have actuarial qualifications like members of the Institute.
   c. Try to regulate the actuarial profession.

Penalties:

2. If someone breaks these rules:
   - On a first conviction, they could be fined up to fifty thousand rupees.
   - On subsequent convictions, they could face up to one year in prison, a fine up to one lakh rupees, or both.

Exceptions:

3. These rules don't apply to universities, legally established institutions, or bodies affiliated with the Institute."
"SECTION 41 of Actuaries Act, 2006
The Actuaries Act, 2006
41. Offences by

companies. - 
1. 

 If

the person committing an offence under this Act is a company, the company as

well as every person in charge of, and responsible to, the company for the

conduct of its business at the time of the commission of the offence shall be

deemed to be guilty of the offence and shall be liable to be proceeded against

and punished accordingly: Provided that nothing contained in this sub-section

shall render any such person liable to any punishment if he proves that the

offence was committed without his knowledge or that he had exercised all due

diligence to prevent the commission of such offence.
2. 

 Notwithstanding

anything contained in sub-section (1), where an offence under this Act has been

committed by a company and it is proved that the offence has been committed

with the consent or connivance of, or that the commission of the offence is

attributable to any neglect on the part of, any director, manager, secretary or

other officer of the company, such director, manager, secretary or other

officer shall also be deemed to be guilty of that offence and shall be liable

to be proceeded against and punished accordingly. Explanation.-For the purposes

of this section-
a.    ""company""

means any body corporate and includes a firm or other association of

individuals; and
b.    ""director"",

in relation to a firm, means a partner in the firm.","Simplified text: Offences by Companies under Actuaries Act, 2006

1. If a company commits an offence under this Act, both the company and every person in charge of its business at the time of the offence are considered guilty and can be punished. However, a person can avoid punishment if they can prove that they were not aware of the offence or had taken all necessary steps to prevent it.

2. In addition, if it is proven that an offence was committed with the knowledge or negligence of any director, manager, secretary, or officer of the company, they will also be held accountable for the offence and can be punished accordingly.

Explanation:
- ""Company"" includes any body corporate, firm, or association of individuals.
- In a firm, a ""director"" refers to a partner in the firm."
"SECTION 49 of Actuaries Act, 2006
The Actuaries Act, 2006
49. Provisions

respecting employees of dissolved society. - 
1. 

 Every

person employed in the dissolved society and continuing in its employment

immediately before the commencement of this Act shall, as from such

commencement, become an employee of the Institute, shall hold his office or

service therein by the same tenure and upon the same terms and conditions and

with the same rights and privileges as to retirement benefits as he would have

held the same under the dissolved society if this Act had not been passed, and

shall, continue to do so unless and until his employment in the Institute is

terminated or until his remuneration, terms and conditions of employment are

duly altered by the Institute.
2. 

 Notwithstanding

anything contained in the Industrial Disputes Act, 1947 or in any other law for

the time being in force, the transfer of the services of any employee of the

dissolved society to the Institute shall not entitle any such employee to any

compensation under that Act or other law, and no such claims shall be

entertained by any court, tribunal or other authority.","Simplified text: Employees Transfer:
Anyone working for the dissolved society before the start of the Act will automatically become an employee of the Institute. They will continue their role with the same terms, rights, and benefits as they had with the dissolved society. This arrangement remains in place until their employment at the Institute ends or until the Institute makes changes to their pay or job conditions.
No Compensation Entitlement:
Despite any existing laws, employees transferred from the dissolved society to the Institute will not be eligible for compensation. Claims for compensation will not be accepted by any legal entity."
"SECTION 52 of Actuaries Act, 2006
The Actuaries Act, 2006
52. Power of Central

Government to issue directions. - 
1. 

 For

the purposes of this Act, the Central Government may, from time to time, give

to the Council such general or special directions as it thinks fit, and the

Council shall, in the discharge of its functions under this Act, comply with

such directions. 
2. 

 If,

in the opinion of the Central Government, the Council has persistently made

default in giving effect to the directions issued under sub-section (1), it

may, after giving an opportunity of being heard to the Council, by

notification, dissolve the Council, whereafter a new Council shall be

constituted in accordance with the provisions of this Act with effect from such

date as may be decided by the Central Government. 
3. 

 Where

the Central Government has issued a notification under sub-section (2)

dissolving the Council, it may, pending the constitution of a new Council in

accordance with the provisions of this Act, authorise any person or body of

persons to take over the management of the affairs of the Council and to

exercise such functions as may be mentioned in the notification.","Simplified text: Power of Government Directions:
For the Actuaries Act, 2006:
Government Directions: The Central Government can provide the Council with instructions, either general or specific, as needed. The Council must follow these directions while carrying out its duties under this Act.
Default and Consequences: If the Central Government believes that the Council consistently fails to follow the given directions, it can dissolve the Council after giving them a chance to explain. A new Council will be formed according to the rules of this Act at a later date decided by the Central Government.
Temporary Management: If the Council is dissolved, the Central Government can temporarily assign someone or a group to manage the Council's affairs and perform the necessary functions until a new Council is established following the Act's guidelines."
"SECTION 55 of Actuaries Act, 2006
The Actuaries Act, 2006
55. Power of Central

Government to make rules. - 
1. 

 The

Central Government may, by notification, make rules to carry out the provisions

of this Act.
2. 

 In

particular and without prejudice to the generality of the foregoing power, such

rules may provide for all or any of the following matters, namely:-
a.    the manner of

election and nomination in respect of members to the Council under sub-section

(2) of section 12;
b.    the terms and

conditions of service of the Presiding Officers and Members of the Tribunal,

place of meeting, remuneration and allowances to be paid to them under

sub-section (3) of section 16;
c.    the procedure of

inquiry and submission of report by the Disciplinary Committee under

sub-section (2) of section 26;
d.    the procedure of

inquiry by the Prosecution Director under sub-section (2) of section 27;
e.    any act or omission

which may be determined as professional misconduct under section 31;
f.    the procedure to be

followed by the Board in its meetings and discharging its functions under

section 45; and
g.    terms and conditions

of service of the Chairman and Members of the Board under section 46.","Simplified text: Power to Make Rules: The Central Government has the authority to create rules through an official announcement to implement the Actuaries Act of 2006.

Specific Matters Covered by Rules: These rules can address various issues, such as:

- How members are elected and nominated to the Council as mentioned in section 12.
- Terms and conditions of service for Presiding Officers and Tribunal Members, including meeting locations, payments, and allowances specified in section 16.
- Inquiry procedures and report submission by the Disciplinary Committee under section 26.
- Inquiry procedures by the Prosecution Director under section 27.
- Definition of professional misconduct under section 31.
- Meeting procedures and functioning guidelines for the Board under section 45.
- Terms and conditions of service for the Chairman and Members of the Board under section 46."
"SECTION 56 of Actuaries Act, 2006
The Actuaries Act, 2006
56. Power to make

regulations. - 
1. 

 The

Council may, with the previous approval of the Central Government and subject

to the previous publication, by notification in the Official Gazette, make

regulations to carry out the provisions of this Act.
2. 

 In

particular, and without prejudice to the generality of the foregoing power,

such regulations may provide for all or any of the following matters, namely:-
a.    the examination and

training for the purposes of clauses (b), (c) and (d) of sub-section (1) of

section 6;
b.    the manner of making

an application under sub-section (3) of section 6;
c.    the fees payable

under sub-section (3) of section 6, sub-section (2) of section 9, clause (a) of

sub-section (2) of section 19, sub-section (4) of section 23;(
d.    the manner in which

the honorary member may be chosen under sub-section (1) of section 8;
e.    the terms and

conditions on which an affiliate member may be admitted under sub-section (2)

of section 8;
f.    the academic

qualifications for admission of a student member under sub-section (3) of

section 8;
g.    qualifications

required for a certificate of practice under sub-section (1) and the form in

which an application may be made under sub-section (2) of section 9;
h.    the transaction of

business by the Council for the discharge of its functions mentioned in

sub-section (2) of section 19;
i.    terms and conditions

of the services under sub-section (1) of section 20;
j.    the functions and

conditions of the committees under sub-section (3) of section 21;
k.    the manner in which

the register of the members of the Institute and other particulars to be

maintained under sub-sections (1) and (2) of section 23;
l.    the manner in which

the annual list of members of the Institute may be published under sub-section

(3) of section 23;
m.    the conditions and

requirements and payment of fee for re-entry in the register under section 25;
n.    salaries and

allowances and conditions of service of the officers and other staff members of

the Authority under sub-section (2) of section 35; 
o.    the conditions

subject to which foreign qualifications may be recognised under sub-section (2)

of section 51; and
p.    any other matter

which is required to be, or may be, prescribed under this Act.","Simplified text: Power to Make Regulations:

The Council, with approval from the Central Government and following publication in the Official Gazette, can create regulations to implement the Act. These regulations can cover various aspects, including:

- Training and examination requirements for sections 6(b), (c), and (d).
- Procedures for submitting applications under section 6(3).
- Fees for sections 6(3), 9(2), 19(2)(a), and 23(4).
- Selection process for honorary members under section 8(1).
- Criteria for admitting affiliate members under section 8(2).
- Educational qualifications for student members under section 8(3).
- Qualifications needed for a certificate of practice under section 9(1) and application format under section 9(2).
- Council's business operations for functions in section 19(2).
- Terms of service under section 20(1).
- Roles and conditions of committees under section 21(3).
- Management of member registry and related details under sections 23(1) and (2).
- Publication of the Institute's yearly member list under section 23(3).
- Re-entry requirements for the registry under section 25.
- Salaries, benefits, and employment terms for Authority officers and staff under section 35(2).
- Recognition criteria for foreign qualifications under section 51(2).
- Any other matters mandated or allowed by the Act for regulation."
"SECTION 3 of Additional Duties of Excise (Textiles and Textile Articles) Act, 1978
3. Levy and collection of additional duties of excise on certain textiles and textile articles.
1[(1) When goods of the description mentioned in the Schedule chargeable with a duty of excise under the Central Excises and Salt Act, 1944 (1 of 1944), read with any notification for the time being in force issued by the Central Government in relation to the duty so chargeable (not being a notification providing for any exemption for giving credit with respect to, or reduction of duty of excise under the said Act on such goods equal to, any duty of excise under the said Act, or the additional duty under section 3 of the Customs Tariff Act, 1975 (51 of 1975), already paid on the raw material used in the production or manufacture of such goods), are assessed to duty, there shall be levied and collected a duty of excise equal to 2[fifteen per cent.] of the total amount so chargeable on such goods.]
 (2) The duties of excise referred to in sub-section (1) in respect of the goods specified in the Schedule shall be in addition to the duties of excise chargeable on such goods under the Central Excises and Salt Act, 1944 (1 of 1944), or any other law for the time being in force and shall be levied for the purposes of the Union and the proceeds thereof shall not be distributed among the States.
(3) The provisions of the Central Excises and Salt Act, 1944 (1 of 1944), and the rules made thereunder, including those relating to refunds and exemptions from duties, shall, so far as may be, apply in relation to the levy and collection of the duties of excise leviable under this section in respect of any goods as they apply in relation to the levy and collection of the duties of excise on such goods under that Act or those rules.
1. Subs. by Act 11 of 1983, s. 57, for sub-section (1) (w.e.f. 1-8-1983).
2. Subs. by Act 33 of 1996, s. 84, for ""twenty per cent."" (w.e.f. 28-9-1996).","Simplified text: Additional Excise Duties on Textiles and Textile Articles - 1978

Levy and Collection of Duties:
- When certain goods listed in the Schedule are subject to excise duty under the Central Excises and Salt Act, 1944, along with any applicable notifications by the Central Government, a 15% excise duty will be imposed on the total amount payable for those goods.
- The excise duties mentioned above are in addition to any existing excise duties under the Central Excises and Salt Act, 1944, and must be paid for the benefit of the Union without distribution to the States.
- The rules and provisions of the Central Excises and Salt Act, 1944, regarding refunds, exemptions, and other matters, will apply to the collection of these excise duties on specified goods.

(Data amended by Act 11 of 1983 and Act 33 of 1996)"
"SECTION 3 of Administrative Tribunals Act, 1985
The Administrative Tribunals Act, 1985
3. Definitions. -
In this Act, unless the context otherwise

requires, -
  (a) ""Administrative Member"", means a

Member of a Tribunal who is not a Judicial Member within the meaning of clause

(i); 
  (aa) ""Administrative Tribunal"", in

relation to a State or, as the case may be, the Joint Administrative Tribunal

for that State and any other State or States; 
(b) ""application"" means an application

made under section 19; 
(c) ""appointed day"" in relation to a

Tribunal, means the date with effect from which it is established, by

notification, under section 4; 
(d) ""appropriate Government"" means,

-
(i) in relation to the

Central Administrative Tribunal or a Joint Administrative Tribunal, the Central

Government; 
(ii) in relation to a

State Administrative Tribunal, the State Government; 
(e) ""Bench"" means a Bench of a

Tribunal; 
(f) ""Central Administrative

Tribunal"" means the Administrative Tribunal established under sub-section

(1) of section 4; 
(g) ""Chairman"" means the Chairman of

a Tribunal; 
(h) ""Joint Administrative Tribunal""

means an Administrative Tribunal for two or more States established under

sub-section (3) of section 4; 
(i) ""Judicial Member"" means a Member

of a Tribunal appointed as such under this Act, and includes the Chairman or a

Vice-Chairman who possesses any of the qualifications specified in sub-section

(3) of section 6; 
(i-a) ""Member"" means a Member

(whether Judicial or Administrative) of a Tribunal, and includes the Chairman

and a Vice-Chairman; 
(j) ""notification"" means a

notification published in the Official Gazette; 
(k) ""post"" means a post within or

outside India; 
(l) ""prescribed"" means prescribed by

rules made under this Act; 
(m) ""President"" means the President

of India; 
(n) Omitted 
(o) ""rules"" means rules made under

this Act; 
(p) ""service"" means service within

or outside India; 
(q) ""service matters"", in relation

to a person, means all matters relating to the conditions of his service in

connection with the affairs of the Union or of any State or of any local or

other authority within the territory of India or under the control of the

Government of India, or, as the case may be, of any corporation or society

owned or controlled by the Government, as respect - 
(i) remuneration

(including allowances), pension and other retirement benefits; 
(ii) tenure including

confirmation, seniority, promotion, revision, premature retirement and 

superannuation; 
(iii) leave of any

kind; 
(iv) disciplinary

matters; or 
(v) any other matter

whatsoever; 
(r) ""service rules as to redressal of

grievances in relation to any matter"" means the rules, regulations, orders

or other instruments or arrangements as in force for the time being with

respect to redressal, otherwise than under this Act, of any grievances in

relation to such matters; 
(rr) ""Society"" means a Society

registered under the Societies Registration Act, 1860 (21 of 1860), or under

any corresponding law for the time being in force in State; 
(s) ""Supreme Court"" means the

Supreme Court of India; 
(t) ""Tribunal"" means the Central

Administrative Tribunal or a State Administrative Tribunal or a Joint

Administrative Tribunal; 
(u) ""Vice-Chairman"" means

Vice-Chairman of a Tribunal. 
Explanation: In the case of a Tribunal having two

or more Vice-Chairman references to the Vice-Chairman in this Act shall be

construed as a reference to each of those Vice-chairman.","Definitions:
- Administrative Member: A Member of a Tribunal who is not a Judicial Member.
- Administrative Tribunal: For a State or a Joint Administrative Tribunal covering that State and other States.
- Application: An application made under section 19.
- Appointed day: The date when a Tribunal is established by notification under section 4.
- Appropriate Government: The Central Government for Central Administrative Tribunal or a Joint Administrative Tribunal, and the State Government for a State Administrative Tribunal.
- Bench: A Tribunal's Bench.
- Central Administrative Tribunal: The Tribunal established under section 4(1).
- Chairman: The Tribunal's Chairman.
- Joint Administrative Tribunal: An Administrative Tribunal serving two or more States established under section 4(3).
- Judicial Member: A Tribunal Member appointed under this Act, including the Chairman or a Vice-Chairman meeting specified qualifications.
- Member: A Tribunal Member, whether Judicial or Administrative, including the Chairman and a Vice-Chairman.
- Notification: A notice published in the Official Gazette.
- Post: A position within or outside India.
- Prescribed: Determined by rules under this Act.
- President: The President of India.
- Rules: Rules set under this Act.
- Service: Employment within or outside India.
- Service matters: All matters related to employment conditions under the control of the Government.
- Service rules as to redressal of grievances: Rules for addressing grievances not covered under this Act.
- Society: A Society registered under the Societies Registration Act, 1860 or relevant state law.
- Supreme Court: The Supreme Court of India.
- Tribunal: Including the Central Administrative Tribunal, State Administrative Tribunal, or Joint Administrative Tribunal.
- Vice-Chairman: Vice-Chairman of a Tribunal. If a Tribunal has multiple Vice-Chairmen, each reference is to be to each of those Vice-Chairmen.
"
"SECTION 4 of Administrative Tribunals Act, 1985
The Administrative Tribunals Act, 1985
4. Establishment of Administrative Tribunals.

-
(1) The Central Government shall by

notification, establish an Administrative Tribunal to be known as the Central

Administrative Tribunal, to exercise the jurisdiction powers and authority

conferred on the Central Administrative Tribunal by or under this Act. 
(2) The Central Government may, on receipt of

a request in this behalf from any State Government, establish, by notification,

an Administrative Tribunal for the state to be known as...... (name of the

State) Administrative Tribunal to exercise the jurisdiction, power and

authority conferred on the Administrative Tribunal for the State by or under

this Act. 
(3) Two or more states may notwithstanding

anything contained in sub-section (2) and notwithstanding that any or all of

those States has or have Tribunals established under that sub-section, enter

into an agreement that the same Administrative Tribunal shall be the

Administrative Tribunal for each of the States participating in the agreement,

and if the agreement is approved by the Central Government and published in the

Gazette of India and the official Gazette of each of those States, the Central

Government may, by notification, establish a Joint Administrative Tribunal to

exercise the jurisdiction, power and authority conferred on the Administrative

Tribunal for those States by or under this Act. 
(4) An agreement under sub-section (3) shall

contain provisions as to the name of the Joint Administrative Tribunal. The

manner in which the participating States may be associated in the selection of

the Chairman, Vice-Chairman and other Members of the Joint Administrative

Tribunal, the places at which the Bench or Benches of the Tribunal shall sit,

the apportionment among the participating States of the expenditure in

connection with the Joint Administrative Tribunal and may also contain such

other supplemental, incidental and consequential provisions not inconsistent

with this Act as may be deemed necessary or expedient for giving effect to the

agreement. 
(5) Notwithstanding anything contained in the

foregoing provisions of this section or sub-section (1) of section 5, the

Central Government may - 
(a) with the

concurrence of any State Government, designate, by notification, all or any of

the Members of the Bench or Benches of the State Administrative Tribunal

established for the State under sub-section (2) as Members of the Bench or

Benches of the Central Administrative Tribunal in respect of that State and the

same shall exercise the jurisdiction, powers and authority conferred on the

Central Administrative Tribunal by or under this Act; 
(b) on receipt of a

request in this behalf from any State Government, designate, by notification,

all or any of the Members of the Bench or Benches of the Central Administrative

Tribunal functioning in that State as the Members of the Bench or Benches of

the State Administrative Tribunal for that State and the same shall exercise

the jurisdiction, powers and authority conferred on the Administrative Tribunal

for that State by or under this Act, and upon such designation, the Bench or

Benches of the State Administrative Tribunal or, as the case may be, the Bench

or Benches of the Central Administrative Tribunal shall be deemed, in all

respects, to be the Central Administrative Tribunal, or the State

Administrative Tribunal for that States established under the provisions of

Art. 323-A of the Constitution and this Act. 
(6) Every notification under sub-section (5)

shall also provide for the apportionment between the State concerned and the

Central Government of the expenditure in connection with the Members common to

the Central Administrative Tribunal and the State Administrative Tribunal and

such other incidental and consequential provisions not inconsistent with this Act

as may be deemed necessary or expedient.","Simplified text: Establishment of Administrative Tribunals:
The Central Government will set up an Administrative Tribunal, known as the Central Administrative Tribunal, to handle specific legal matters as outlined in this Act.
At the request of a State Government, the Central Government can establish a State-specific Administrative Tribunal for that state to address similar legal matters.
Multiple states can agree to have a single Administrative Tribunal to serve them all. Once the agreement is approved by the Central Government and relevant states, a Joint Administrative Tribunal will be created to oversee legal matters specified in this Act for all participating states.

Appointment and Sharing Members:
The Central Government, with agreement from a State Government, can assign members of State Administrative Tribunals to also serve on the Central Administrative Tribunal for that state.
Likewise, upon request from a State Government, members of the Central Administrative Tribunal can be designated to serve on the State Administrative Tribunal for that state.
Notifications will specify how costs will be shared between the state and Central Government for members who serve on both the Central and State Administrative Tribunals."
"SECTION 5 of Administrative Tribunals Act, 1985
The Administrative Tribunals Act, 1985
5. Composition of Tribunals and Benches Thereof. -
(1) Each Tribunal shall consist of a Chairman

and such number of Vice-Chairman and judicial and Administrative Members as the

appropriate Government may deem fit and, subject to the other provisions of

this Act, the jurisdiction, powers and authority of the Tribunal may be

exercised by Benches thereof. 
(2) Subject to the other provisions of this Act,

a Bench shall consist of one Judicial Member and one Administrative Member. 
(3) Omitted 
(4) Notwithstanding anything contained in

sub-section (1) the Chairman - 
(a) may, in addition

to discharging the functions of the Judicial Member or the Administrative

Member of the Bench to which he is appointed discharge the functions of the

Judicial Member or, as the case may be, the Administrative Member, of any other

Bench; 
(b) may transfer the

Vice-Chairman or other Member from one Bench to another Bench; 
(c) may authorize the

Vice-Chairman or the Judicial Member or the Administrative Member appointed to

one Bench to discharge also the functions of the Vice-Chairman, or, as the case

may be, the Judicial Member or the Administrative Member of another Bench; and 
(d) may, for the

purpose of securing that any case or cases which, having regard to the nature

of the question involved, requires or require, in his opinion or under the

rules made by the Central Government in this behalf, to be decided by the Bench

composed of more than two members, issue such general or special orders, as he

may deem fit: 
Provided  that every Bench constituted in

pursuance of this clause shall include at least one Judicial Member and one

Administrative Member. 
(5) Omitted 
(6) Notwithstanding anything contained in the

foregoing provisions of this section, it shall be competent for the Chairman or

any other Member authorized by the Chairman in this behalf to function as a

Bench consisting of a single Member and exercise the jurisdiction, powers and

authority of the Tribunal in respect of such classes of cases or such matters

pertaining to such classes of cases as the Chairman may by general or special

order specify: 
Provided  that if at any stage of the hearing of

any such case or matter it appears to the Chairman or such Member that the case

or matter is of such a nature that it ought to be heard by a Bench consisting

of two members, the case or matter may be transferred by the Chairman or, as

the case may be, referred to him for transfer to, such Bench as the Chairman

may deem fit. 
(7) Subject to the other provisions of this

Act, the Benches of the Central Administrative Tribunal shall ordinarily sit at

New Delhi (which shall be known as the principal Bench), Allahabad, Calcutta,

Madras, New Bombay and at such other places as the Central Government may, by

notification, specify. 
(8) Subject to the other provisions of this

Act, the place at which the Principal Bench and other Benches of a State

Administrative Tribunal shall ordinarily sit shall be such as the State

Government may, by notification, specify.","Simplified text: Composition of Tribunals: Each Tribunal will have a Chairman, Vice-Chairman, Judicial Members, and Administrative Members as needed, and they can form Benches to make decisions. 

Bench Composition: A Bench will have one Judicial Member and one Administrative Member, and the Chairman can assign members to different Benches when necessary. 

Decision Making: The Chairman can authorize members to perform functions for multiple Benches and issue orders for cases requiring more than two members on a Bench. Each Bench must have at least one Judicial Member and one Administrative Member.

Single Member Function: The Chairman or an authorized Member can form a Bench with a single Member for specific cases. If needed, the case can be transferred to a Bench with two members.

Sitting of Benches: Central Administrative Tribunal Benches will mainly be in New Delhi (principal Bench) and other specified locations. State Administrative Tribunal Benches will sit where the State Government specifies."
"SECTION 6 of Administrative Tribunals Act, 1985
The Administrative Tribunals Act, 1985
6. Qualifications for Appointment of Chairman, Vice-Chairman or Other Members. - 
(1) A person shall not be qualified for

appointment as the Chairman unless he - 
(a) is, or has been, a

Judge of a High Court; or 
(b) has, for at least

two years, held the office of Vice-Chairman; 
(c) Omitted 
(2) A person shall not be qualified for

appointment as the Vice-Chairman unless he - 
(a) is, or has been,

or is qualified to be a Judge of a High Court; or 
(b) has for at least

two years, held the post of a Secretary to the Government of India or any other

post under the Central or a State Government carrying a scale of pay which is

not less than that of a Secretary to the Government of India; or 
(bb) has, for at least

five years, held the post of an Additional Secretary to the Government of India

or any other post under the Central or a State Government carrying a scale of

pay which is not less than that of an Additional Secretary to the Government of

India; or 
(c) has, for a period

of not less than three years, held office as a Judicial Member or an

Administrative Member.
(3) A person shall not be qualified for

appointment as a Judicial Member unless he -
(a) is, or has been,

or is qualified to be, a Judge of a High Court; or
(b) has been a member

of the Indian Legal Service and has held a post in Grade I of the service for

at least three years. 
(3-A) A person shall not be qualified for

appointment as an Administrative Member unless he - 
(a) has, for at least

two years, held the post of an Additional Secretary to the Government of India

or any other post under the Central or a State Government carrying a scale of pay

which is not less than that of an Additional Secretary to the Government of

India; or 
(b) has, for at least

three years, held the post of a Joint Secretary to the Government of India or

any other post under the Central or a State Government carrying a scale of pay

which is not less than that of a Joint Secretary to the Government of India.

and shall, in either case, have adequate administrative experience. 
(4) Subject to the provisions of sub-section

(7), the Chairman, Vice-Chairman and every other Member of the Central

Administrative Tribunal shall be appointed by the President. 
(5) Subject to the provisions of sub-section

(7), the Chairman, Vice-Chairman and every other Member of an Administrative

Tribunal for a State shall be appointed by the President after consultation

with the Governor of the concerned State. 
(6) The Chairman, Vice-Chairman and every

other Member of a Joint Administrative Tribunal shall, subject to the terms of

the agreement between the participating State Government published under

sub-section (3) of section 4, and subject to the provisions of sub-section (7)

be appointed by the President after consultation with Governors of the

concerned State. 
Explanation:  In computing, for the purposes of this

section, the period during which a person has held any post under the Central

or a State Government, there shall be included the period during which he has

held any other post under the Central or a State Government (including an

office under this Act) carrying the same scale of pay as that of the first

mentioned post or a higher scale of pay.
(7) No appointment of a person possessing the

qualifications specified in this section as the Chairman, a Vice-Chairman or a

Member shall be made except after consultation with the Chief Justice of India.","Simplified text: Qualifications for Administrative Tribunal Members:

Chairman Eligibility:
To be appointed as the Chairman, a person must meet one of the following criteria:
- Previous or current Judge of a High Court.
- Previous Vice-Chairman for at least two years.

Vice-Chairman Eligibility:
To be appointed as the Vice-Chairman, a person must meet one of the following criteria:
- Previous or current Judge of a High Court.
- Previous Secretary to the Government of India or equivalent position for at least two years with appropriate pay scale.
- Previous Additional Secretary to the Government of India or equivalent position for at least five years with appropriate pay scale.
- Judicial Member or Administrative Member for at least three years.

Judicial Member Eligibility:
To be appointed as a Judicial Member, a person must meet one of the following criteria:
- Previous or current Judge of a High Court.
- Member of the Indian Legal Service with Grade I experience for at least three years.

Administrative Member Eligibility:
To be appointed as an Administrative Member, a person must have one of the following:
- Previous Additional Secretary to the Government of India or equivalent position for at least two years with appropriate pay scale.
- Previous Joint Secretary to the Government of India or equivalent position for at least three years with appropriate pay scale, along with sufficient administrative experience.

Appointment:
The President appoints the Chairman, Vice-Chairman, and all other Members of the Administrative Tribunal (including state and joint tribunals), in consultation with relevant authorities as specified. The Chief Justice of India must also be consulted before making any such appointments."
"SECTION 7 of Administrative Tribunals Act, 1985
The Administrative Tribunals Act, 1985
7. Vice-Chairman to Act as Chairman or to Discharge his Functions in Certain Circumstances. -
(1) In the event of the occurrence of any

vacancy in the office of the Chairman by reason of his death, resignation or

otherwise, the Vice-Chairmen or, as the case may be, such one of the

Vice-Chairmen as the appropriate Government may, by notification, authorize in

this behalf, shall act as the Chairman until the date on which a new Chairman,

appointed in accordance with the provisions of this Act to fill such vacancy

enters upon his office. 
(2) When the Chairman is unable to discharge

his functions owing to absence, illness or any other cause, the Vice-Chairman

or, as the case may be, such one of the Vice-Chairmen as the appropriate

Government may, by notification, authorize in this behalf, shall discharge the

functions of the Chairman until the date on which the Chairman resumes his

duties.","Simplified text: 

When the Chairman of an Administrative Tribunal is unavailable due to a vacancy, death, resignation, or any other reason, the Vice-Chairman or a designated Vice-Chairman will act as Chairman until a new Chairman takes over.
If the Chairman is unable to perform duties due to absence, illness, or any other reason, the Vice-Chairman or a designated Vice-Chairman will act as Chairman until the Chairman can resume duties."
"SECTION 9 of Administrative Tribunals Act, 1985
The Administrative Tribunals Act, 1985
9. Resignation and Removal.
(1) The Chairman, Vice-Chairman or other Members

may, by notice in writing under his hand addressed to the President, resign his

office: 
Provided  that the Chairman, Vice-Chairman or

other Member shall unless he is permitted by the President to relinquish his

office sooner, continue to hold office until the expiry of three months from

the date of receipt of such notice or until a person duly appointed as his

successor enters upon his office or until the expiry of his term of office,

whichever is the earliest. 
(2) The Chairman, Vice-Chairman or any other

Member shall not be removed from his office except by an order made by the

President on the ground of proved misbehavior or incapacity after an inquiry

made by a Judge of the Supreme Court in which such Chairman, Vice-Chairman or

other Member had been informed of the charges against him and given a

reasonable opportunity of being heard in respect of those charges. 
(3) The Central Government may, by rules,

regulate the procedure for the investigation of misbehavior or incapacity of

the Chairman, Vice-Chairman or other Member referred to in sub-section (2).","Simplified text: Resignation and Removal:
Any member of the Administrative Tribunals, including the Chairman and Vice-Chairman, can resign by providing written notice to the President. They must serve for at least three months after resigning or until a successor is appointed or their term ends.
They can only be removed by the President for proven misconduct or incapacity following an inquiry by a Supreme Court Judge. The Central Government can establish rules for investigating such behavior."
"SECTION 11 of Administrative Tribunals Act, 1985
The Administrative Tribunals Act, 1985
11. Provision as to the Holding of Offices by Chairman, on Ceasing to be Such Chairman, Etc. -
On ceasing to hold office, -
(a) the Chairman of the Central Administrative

Tribunal shall be ineligible for further employment under the Government of

India or under the Government of a State; 
(b) the Chairman of a State Administrative

Tribunal or a Joint Administrative Tribunal shall, subject to the other

provisions of this Act, be eligible for appointment as the Chairman or

Vice-Chairman or any other Member of the Central Administrative Tribunal or as

the Chairman of any other State Administrative Tribunal or Joint Administrative

Tribunal, but not for any other employment either under the Government of India

or under the Government of a State; 
(c) the Vice-Chairman of the Central

Administrative Tribunal shall, subject to the other provision of this Act, be

eligible for appointment as the Chairman of that Tribunal or as the Chairman or

Vice-Chairman of any State Administrative Tribunal or Joint Administrative

Tribunal but not for any other employment either under the Government of India

or under the Government of a State; 
(d) the Vice-Chairman of a State

Administrative Tribunal or a Joint Administrative Tribunal shall, subject to

the other provisions of this Act, be eligible for appointment as the Chairman

of that Tribunal or as the Chairman or Vice-Chairman of the Central Administrative

Tribunal or of any other State Administrative Tribunal or Joint Administrative

Tribunal but not for any other employment either under the Government of India

or under the Government of a State; 
(e) a Member (other than the Chairman or Vice-Chairman)

of any Tribunal shall, subject to the other provisions of this Act, be eligible

for appointment as the Chairman or Vice-Chairman of such Tribunal or as the

Chairman, Vice-Chairman or other Member of any other Tribunal, but not for any

other employment either under the Government of India or under the Government

of a State; 
(f) the Chairman, Vice-Chairman or other

Member shall not appear, act or plead before any Tribunal of which he was the

Chairman, Vice-Chairman or other Member. 
Explanation: For the purposes of this section,

employment under the Government of India or under the Government of a State

includes employment under any local or other authority within the territory of

India or under the control of the Government of India or under any corporation

or society owned or controlled by the Government.","Simplified text: Holding Office: After leaving office:
Chairman of Central Administrative Tribunal cannot work for the Government of India or a State.
Chairman of a State Administrative Tribunal or Joint Administrative Tribunal can only be appointed to those positions mentioned.
Vice-Chairman of Central Administrative Tribunal can be appointed as Chairman of the same Tribunal or as Chairman/Vice-Chairman of a State Administrative Tribunal or Joint Administrative Tribunal.
Vice-Chairman of a State Administrative Tribunal or Joint Administrative Tribunal can be appointed as Chairman of the same Tribunal or as Chairman/Vice-Chairman of the Central Administrative Tribunal or other State Administrative Tribunal or Joint Administrative Tribunal.
Members of any Tribunal can be appointed as Chairman/Vice-Chairman of the same Tribunal or any other Tribunal.
No Chairman, Vice-Chairman, or Member can represent before any Tribunal where they previously served.
Note: Employment under the Government of India or a State includes work for any local authority, corporation, or society controlled by the government."
"SECTION 14 of Administrative Tribunals Act, 1985
The Administrative Tribunals Act, 1985
14. Jurisdiction, Powers and Authority of the Central Administrative Tribunal. - 
(1) Save as otherwise expressly provided in

this Act, the Central Administrative Tribunal shall exercise, on and from the

appointed day, all the jurisdiction, powers and authority exercisable

immediately before that day by all courts (except the Supreme Court) in

relation to - 
(a) recruitment, and

matters concerning recruitment, to any All-India Service or to any civil

service of the Union or a civil post under the Union or to a Post connected

with defense or in the defense services, being, in either case, a post filed by

a civilian; 
 (b) all service

matters concerning - 
 (i) a member of any

All-India Service; or 
 (ii) a person [not being

a member of an All-India Service or a person referred to in clause (c)

appointed to any civil service of the Union or any civil post under the Union;

or 
 (iii) a civilian [not

being a member of an All-India Service or a person referred to in clause (c)

appointed to any defense services or a post connected with defense, and

pertaining to the service of such member, person or civilian, in connection

with the affairs of the Union or of any State or of any local or other

authority within the territory of India or under the control of the Government

of India or of any corporation or society owned or controlled by the

Government; 
 (c) all service

matters pertaining to service in connection with the affairs of the Union

concerning a person appointed to any service or post referred to in sub-clause

(ii) or sub-clause (iii) of clause (b), being a person whose services have been

placed by a State Government or any local or other authority or any corporation

or society or other body, at the disposal of the Central Government for such

appointment. 
Explanation: 
(1) For the removal of doubts, it is hereby

declared that references to ""Union"" in this sub-section shall be

construed as including references also to a Union Territory. 
(2) The Central Government may, by

notification apply with effect from such date as may be specified in the

notification the provisions of sub-section (3) to local or other authorities

within the territory of India or under the control of the Government of India

and to corporations or society owned or controlled by Government, not being a

local or other authority or corporation or society controlled or owned by a

State Government: 
Provided  that if the Central Government

considers it expedient so to do for the purpose of facilitating transition to

the scheme as envisaged by this Act, different dates may be so specified under

this sub-section in respect of different classes of, or different categories

under any class of local or other authorities or corporations.
(3) Save as otherwise expressly provided in

this Act, the Central Administrative Tribunal shall also exercise, on and from

the date with effect from which the provisions of this sub-section apply to any

local or other authority or corporation or society, all the jurisdiction, powers

and authority exercisable immediately before that date by all courts (except

the Supreme Court in relation to  
(a) recruitment, and

matters concerning recruitment, to any service or post in connection with the

affairs of such local or other authority or corporation or society; and 
(b) all service

matters concerning a person [other than a person referred to in clause (a) or

clause (b) of sub-section (1) appointed to any service or post in connection

with the affairs of such local or other authority or corporation or society and

pertaining to the service of such person in connection with such affairs.","Simplified text: 
Central Administrative Tribunal's Powers and Duties:
1. The Central Administrative Tribunal (CAT) will have the authority to deal with matters previously handled by courts (except the Supreme Court) related to:
(a) Recruitment for All-India Service, civil service of the Union, civil posts, and defense-related positions filled by civilians.
(b) Service matters involving members of All-India Service, individuals in civil service or posts under the Union, civilians in defense positions, and individuals whose services have been loaned by State/ local authorities for Union service.
(c) Service matters related to persons serving in Union-related positions under local authorities or corporations.

Explanation: References to ""Union"" also include Union Territories.
Transition Period:
2. The Central Government can extend CAT's jurisdiction to local authorities and government-owned corporations or societies. Different dates may apply to various categories within these organizations to facilitate a smooth transition as per this Act.

Expansion of CAT's Jurisdiction:
3. CAT will also handle recruitment and service matters concerning services or posts linked to local authorities, corporations, or societies once the provisions of this section apply to them."
"SECTION 15 of Administrative Tribunals Act, 1985
The Administrative Tribunals Act, 1985
15. Jurisdiction, Powers and Authority of State Administrative Tribunals. - 
(1) Save as otherwise expressly provided in this

Act, Administrative Tribunal for a State shall exercise, on and from the

appointed day, all the jurisdiction, powers and authority exercisable

immediately before that day by all courts (except the Supreme Court in relation

to - 
(a) recruitment, and matters

concerning recruitment, to any civil service of the State or to any civil post

under the State; 
(b) all service

matters concerning a person [not being a person referred to in clause 
(c) of this

sub-section or a member, person or civilian referred to in clause (b) of

sub-section (1) of section 14] appointed to any civil service of the State or

any civil post under the State and pertaining to the service of such person in

connection with the affairs of the State or of any local or other authority under

the control of the State Government or of any corporation or society owned or

controlled by the State Government;(c) all service matters pertaining to

service in connection with the affairs of the State concerning a person

appointed to any service or post referred to in clause (b), being a person

whose services have been placed by any such local or other authority or

corporation or society or other body as is controlled or owned by the State

Government at the disposal of the State Government for such appointment. 
(2) The State Government may, by notification,

apply with effect from such date as may be specified in the notification the

provisions of sub-section 
(3) to local or other authorities and

corporations or societies controlled or owned by the State Government : 
Provided  that if the State Government considers

it expedient so to do for the purpose of facilitating transition to the scheme

as envisaged by this Act, different dates may be so specified under this

sub-section in respect of different classes of, or different categories under

any class of local or other authorities or corporations or societies. 
(3) Save as otherwise expressly provided in

this Act, the Administrative Tribunal for a State shall also exercise, on and

from the date with effect from which the provisions of this sub-section apply

to any local or other authority or corporation, all the jurisdiction, powers

and authority exercisable immediately before that date by all courts (except

the Supreme Court in relation to - 
(a) recruitment, and

matters to recruitment, to any concerning service or post in connection with

the affairs of such local or other authority or corporation or society; and 
(b) all service

matters concerning a person [other than a person referred to in clause (b) of

sub-section (1) of this section or a member, person or civilian referred to in

clause (b) of sub-section (1) of section 14] appointed to any service or post

in connection with the affairs of such local or other authority or corporation

or society and pertaining to the service of such person in connection with such

affairs. 
(4) For the removal of doubts it is hereby

declared that the jurisdiction, powers and authority of the Administrative

Tribunal for a State shall not extend to or be exercisable in relation to, any

matter in relation to which the jurisdiction, powers and authority of the

Central Administrative Tribunal extends or is exercisable.","Simplified text: Jurisdiction and Powers of State Administrative Tribunals
The Administrative Tribunals Act, 1985
Jurisdiction, Powers, and Authority of State Administrative Tribunals:
The Administrative Tribunals in each State will have the authority to handle all legal matters and issues previously dealt with by other courts, excluding the Supreme Court, for the following:

Recruitment: Matters related to the recruitment of civil service positions or civil posts within the State.
Service Matters: Concerns regarding individuals employed in civil services or civil posts within the State, involving the State's affairs or any related authority, corporation, or society under State control or ownership.
State Government Notification:
The State Government can extend the application of specific provisions to various local authorities, corporations, or societies under its control or ownership through an official notification.
Transition Period:
To facilitate a smooth transition in accordance with the Act's provisions, the State Government can set different effective dates for different classes or categories of authorities, corporations, or societies.
Additional Powers of Administrative Tribunals:
Administrative Tribunals will also have the power to manage legal matters related to recruitment or service within local authorities, corporations, or societies to which the Act's provisions apply.
Limitations:
The authority of State Administrative Tribunals does not cover matters falling within the jurisdiction of the Central Administrative Tribunal."
"SECTION 17 of Administrative Tribunals Act, 1985
The Administrative Tribunals Act, 1985
17. Power to Punish for Contempt. -
A Tribunal shall have, and exercise, the same jurisdiction,

powers and authority in respect of contempt of itself as a High Court has and

may exercise and, for this purpose, the provisions of the Contempt of Court

Act, 1971 (70 of 1971), shall have effect subject to the modifications that - 
(a) the references therein to a High Court

shall be construed as including a reference to such Tribunal; 
(b) the references to the Advocate-General in

section 15 of the said Act shall be construed, -
(i) in relation to the

Central Administrative Tribunal, as a reference to the Attorney-General or the

Solicitor-General or the Additional Solicitor-General; and 
(ii) in relation to an

Administrative Tribunal for a State or a Joint Administrative Tribunal for two

or more States, as a reference to the Advocate-General of the State or any of

the States for which such Tribunal has been established.","Simplified text: Contempt of Tribunal

The Administrative Tribunals Act, 1985 grants the Tribunal the ability to address instances of contempt, similar to a High Court.

Key Points:
- The Tribunal can handle cases of contempt just like a High Court.
- The Contempt of Court Act, 1971 applies with some changes:
  - It includes the Tribunal in references to a High Court.
  - It replaces the Advocate-General with:
    - Attorney-General, Solicitor-General, or Additional Solicitor-General for the Central Administrative Tribunal.
    - Advocate-General of the respective state for State Administrative Tribunals or Joint Administrative Tribunals."
"SECTION 19 of Administrative Tribunals Act, 1985
The Administrative Tribunals Act, 1985
19. Applications to Tribunals. -
(1) Subject to the other provisions of this

Act, a person aggrieved by any order pertaining to any matter within the

jurisdiction of a Tribunal may make an application to the Tribunal for the

redressal of his grievance. 
Explanation :
(a) by the Government or a local or other

authority within the territory of India or under the control of the Government

of India or by any corporation or society owned or controlled by the

Government; or 
(b) by an officer, committee or other body or

agency of the Government or a local or other authority or corporation or

society referred to in clause (a). 
(2) Every application under sub-section (1)

shall be in such form and be accompanied by such documents or other evidence

and by such fee (if any, not exceeding one hundred rupees) in respect of the

filing of such application and by such other fees for the service or execution

of processes, as may be prescribed by the Central Government. 
(3) On receipt of an application under

sub-section (1), the Tribunal shall, if satisfied after such inquiry as it may

deem necessary, that the application is a fit case for adjudication or trial by

it, admit such application; but where the Tribunal is not so satisfied, it may

summarily reject the application after recording its reasons. 
(4) Where an application has been admitted by

a Tribunal under sub-section (3), every proceeding under the relevant service

rules as to redressal of grievances in relation to the subject-matter of such

application pending immediately before such admission shall abate and save as

otherwise direct by the Tribunal, no appeal or representation in relation to

such matter shall thereafter be entertained under such rules. 
Comments: It is settled law that the Tribunal

has only power of judicial review of the administrative action of the appellant

on complaints relating to service conditions of employees. It is the exclusive

domain of the disciplinary authority to consider the evidence on record and to

record findings whether the charge has been proved or not. It is equally

settled law that technical rules of evidence has no application for the

disciplinary proceedings and the authority is to consider the material on

record. In judicial review, it is settled law that the Court or the Tribunal

has no power to trench on the jurisdiction to appreciate the evidence and to

arrive at its own conclusion. State of T.N. v. S. Subramaniam, AIR 1996

SUPREME COURT 1232","Simplified text: Applications to Tribunals:

If someone is upset by a decision related to something a Tribunal is in charge of, they can file a complaint with the Tribunal to try and fix the problem.

Clarification:
This applies to decisions made by:
- The Government or any local or other authority in India under Government control.
- Any organization owned or controlled by the Government.
- An official, committee, or organization linked to the Government or a local or other authority or the organizations mentioned above.

Filing a Complaint:
When making a complaint to the Tribunal:
- Use the required form.
- Submit any necessary documents or evidence.
- Pay a fee (up to one hundred rupees) for filing the complaint and any other fees if needed for processing.

Review by the Tribunal:
Once a complaint is submitted, the Tribunal will review it. If the Tribunal believes the complaint is suitable for further review or trial, it will accept it. Otherwise, it may reject the complaint after explaining why.

Effects of Acceptance:
If the Tribunal accepts a complaint, any ongoing processes within the service rules related to the complaint will stop. Unless the Tribunal says otherwise, no appeals or representations on the matter will be accepted under those rules.

Note: The Tribunal has the authority to review administrative actions based on complaints about employee service conditions. The responsibility of analyzing evidence and determining if charges are proven lies with the disciplinary authority. Technical evidence rules do not apply in disciplinary proceedings; the authority must base its decisions on the available evidence. During a judicial review, the Court or Tribunal cannot interfere with the authority's fact-finding role. (State of T.N. v. S. Subramaniam, AIR 1996 SUPREME COURT 1232)"
"SECTION 20 of Administrative Tribunals Act, 1985
The Administrative Tribunals Act, 1985
20. Application not to be Admitted Unless Other Remedies Exhausted. -
(1) A Tribunal shall not ordinarily admit an

application unless it is satisfied that the applicant had availed of all the

remedies available to him under the relevant service rules as to redressal of

grievances. 
(2) For the purposes of sub-section (1), a

person shall be deemed to have availed of all the remedies available to him

under the relevant service rules as to redressal of grievances, -
(a) if a final order

has been made by Government or other authority or officer or other person

competent to pass such order under such rules, rejecting any appeal preferred

or representation made by such person in connection with the grievance; or 
(b) where no final

order has been made by the Government or other authority or officer or other

person competent to pass such order with regard to the appeal preferred or

representation made by such person, if a period of six months from the date on

which such appeal was preferred or representation was made has expired. 
  (3) For the purposes of sub-sections (1) and

(2), any remedy available to an applicant by way of submission of a memorial to

the President or to the Governor of a State or to any other functionary shall

not be deemed to be one of the remedies which are available unless the

applicant had elected to submit such memorial.","Simplified text: Exhaustion of Remedies Before Applying to Tribunal

A Tribunal will usually not consider an application unless it is sure that the applicant has already tried all the available options for resolving the issue through the service rules.

To be considered to have exhausted all available remedies under the service rules for resolving grievances:
- A person is considered to have done so if the government or any competent authority has issued a final order denying any appeal or representation made by the person regarding the grievance.
- If no final order has been issued within six months from the date of the appeal or representation, it is also considered that all remedies have been exhausted.

Note that submitting a memorial to the President, Governor, or any other official will not be considered as exhausting remedies unless the applicant chooses to do so."
"SECTION 21 of Administrative Tribunals Act, 1985
The Administrative Tribunals Act, 1985
21. Limitation. -
(1) A Tribunal shall not admit an application,

-
(a) in a case where a

final order such as is mentioned in clause (a) of sub-section (2) of section 20

has been made in connection with the grievance unless the application is made,

within one year from the date on which such final order has been made; 
(b) in a case where an

appeal or representation such as is mentioned in clause (b) of sub-section (2) of

section 20 has been made and a period of six months had expired thereafter

without such final order having been made, within one year from the date of

expiry of the said period of six months. 
(2) Notwithstanding anything contained in

sub-section (1), where - 
(a) the grievance in

respect of which an application is made had arisen by reason of any order made

at any time during the period of three years immediately preceding the date on

which the jurisdiction, powers and authority of the Tribunal becomes

exercisable under this Act in respect of the matter to which such order

relates; and 
(b) no proceedings for

the redressal of such grievance had been commenced before the said date before

any High Court, the application shall be entertained by the Tribunal if it is

made within the period referred to in clause (a), or, as the case may be,

clause (b), of sub-section (1) or within a period of six months from the said

date, whichever period expires later. 
  (3) Notwithstanding anything contained in

sub-section (1) or sub-section (2), an application may be admitted after the

period of one year specified in clause (a) or clause (b) of sub-section (1) or,

as the case may be, the period of six months specified in sub-section (2), if

the applicant satisfies the Tribunal that he had sufficient cause for not

making the application within such period.","Simplified text: Time Limits for Filing Applications: An application cannot be accepted by a Tribunal in the following situations:

A. For a case where a final order has been issued regarding the issue, the application must be submitted within one year from the date the order was issued.
B. For a case where an appeal has been made, but no final order has been issued after six months, the application must be submitted within one year after the six-month period expires.

Exceptions to Time Limits:
A. If the issue arose due to an order made within three years before the Tribunal gained jurisdiction, and no action had been taken in a High Court, the application can be considered if filed within the specified time limits or within six months of the Tribunal gaining jurisdiction, whichever is later.
B. An application may be accepted after the specified time limits if the applicant can prove to the Tribunal that there was a valid reason for the delay."
"SECTION 22 of Administrative Tribunals Act, 1985
The Administrative Tribunals Act, 1985
22. Procedure and Powers of Tribunals. -
(1) A Tribunal shall not be bound by the

procedure laid down in the Code of Civil Procedure, 1908 (5 of 1908), but shall

be guided by the principles of natural justice and subject to the other

provisions of this Act and of any rules made by the Central Government, the

Tribunal shall have power to regulate its own procedure including the fixing of

places and times of its inquiry and decided whether to sit in public or in

private. 
(2) A tribunal shall decide every application

made to it as expeditiously as possible and ordinarily every application shall

be decided on a perusal of documents and written representations and after hearing

such oral arguments as may be advanced. 
(3) A Tribunal shall have, for the purposes of

discharging its functions under this Act, the same powers as are vested in a

civil court under the Code of Civil Procedure, 1908 (5 of 1908), while trying a

suit, in respect of the following matters, namely : 
(a) Summoning and

enforcing the attendance of any person and examining him on oath; 
 (b) requiring the

discovery and production of documents; 
 (c) receiving evidence

on affidavits; 
(d) subject to the provisions

of section 123 and 124 of the Indian Evidence Act, 1872 (1 of 1872),

requisitioning any public record or document or copy of such record or document

from any office; 
 (e) issuing

commissions for the examination of witnesses or, documents; 
 (f) reviewing its

decisions; 
 (g) dismissing a

representation for default or deciding it ex parte; 
(h) setting aside any

order of dismissal of any representation for default or any order passed by it

ex parte; and 
 (i) any other matter

which may be prescribed by the Central Government.","Simplified text: Procedure and Powers of Tribunals under the Administrative Tribunals Act, 1985

1. Operating Procedure:
  - The Tribunal is not required to follow the rules of the Civil Procedure Code, 1908. Instead, it must adhere to the principles of natural justice.
  - The Tribunal has the authority to set its own procedure, including choosing when and where to hold inquiries and deciding whether they will be public or private.

2. Deciding Applications:
  - The Tribunal must process applications promptly, mainly based on written documents and oral arguments when necessary.

3. Powers of the Tribunal:
  - The Tribunal has the same powers as a civil court under the Civil Procedure Code, 1908, for various purposes:
     a. Summoning individuals and taking their oath.
     b. Requesting documents to be produced.
     c. Accepting evidence through affidavits.
     d. Obtaining public records or copies from offices.
     e. Issuing commissions for witness examinations or document reviews.
     f. Reviewing its decisions.
     g. Dismissing or deciding applications if there is a default or if one party doesn't participate.
     h. Overturning orders made due to defaults or ex parte decisions.
     i. Handling other matters specified by the Central Government.

- End of Simplified Text -"
"SECTION 24 of Administrative Tribunals Act, 1985
The Administrative Tribunals Act, 1985
24. Conditions as to Making of Interim Orders.

-
Notwithstanding anything contained in any

other provisions of this Act or in any other law for the time being in force,

no interim order (whether by way of injunction or stay or in any other manner)

shall be made on, or in any proceedings relating to, an application unless - 
(a) copies of such application and of all

documents in support of the plea for such interim order are furnished to the

party against whom such application is made or proposed to be made; and 
(b) opportunity is given to such party to be

heard in the matter: 
Provided  that a Tribunal may dispense with the

requirements of clauses (a) and (b) and make an interim orders as an

exceptional measure if it is satisfied for reasons to be recorded in writing,

that it is necessary so to do for preventing any loss being caused to the

applicant which cannot be adequately compensated in money but any such interim

order shall, if it is not sooner vacated cease to have effect on the expiry of

a period of fourteen days from the date on which it is made unless the said

requirements have been complied with before the expiry of that period and the

Tribunal has continued the operation of the interim order.","Simplified text: Conditions for Interim Orders: 

No interim orders (temporary orders like injunctions or stays) can be issued without following these steps:
- Provide copies of the application and supporting documents to the other party.
- Give the other party a chance to be heard.
Exceptions: 
A tribunal can skip these steps and issue an interim order if it believes that not doing so might cause irreparable harm to the applicant. However, the order will only last for 14 days unless the requirements are met before that deadline and the tribunal decides to extend it."
"SECTION 29 of Administrative Tribunals Act, 1985
The Administrative Tribunals Act, 1985
29. Transfer of Pending Cases. -
(1) Every suit or other proceeding pending

before any court or other authority immediately before the date of

establishment of a Tribunal under this Act, being a suit or proceeding the

cause of action whether on it is based is such that it would have been, if it

has arisen after such establishment within the jurisdiction of such Tribunal

shall stand transferred on that date to such Tribunal: 
Provided  that nothing in this sub-section shall

apply to any appeal pending as aforesaid before a High Court. 
(2) Every suit or other proceeding pending

before a court or other authority immediately before the date with effect from

which jurisdiction is conferred on a Tribunal in relation to any local or other

authority or corporation or society being a suit or proceeding the cause of

action whereon it is based is such that it would have been, if it had arisen

after the said date, within the jurisdiction of such Tribunal shall stand

transferred on that date to such Tribunal: 
Provided that nothing in this sub-section shall

apply to any appeal pending as aforesaid before a High Court. 
Explanation:

For the purposes of

this sub-section ""date with effect from which jurisdiction is conferred on

a Tribunal"", in relation to any local or other authority or corporation or

society, means the date with effect from which the provisions of sub-section

(3) of section 14 or, as the case may be, sub-section (3) of section 15 are

applied to such local or other authority or corporation or society. 
(3) Where immediately before the date of

establishment of a Joint Administrative Tribunal any one or more of the States

for which it is established, has or have a State Tribunal or State Tribunals all

cases pending before such State Tribunal or State Tribunals immediately before

the said date together with the records thereof shall stand transferred on that

date to such Joint Administrative Tribunal. 
Explanation:

For the purposes of

this sub-section, ""State Tribunal"" means a Tribunal established under

sub-section (2) of section 4. 
(4) Where any suit, appeal or other proceeding

stands transferred from any court or other authority to a Tribunal under

sub-section (1) or sub-section (2), - 
(a) the Court or other

authority shall, as soon as may be after such transfer, forward the records of

such suit, appeal or other proceeding to the Tribunal; and 
(b) the Tribunal may,

on receipt of such records, proceed to deal with such suit, appeal or other proceeding,

so far as may be, in the same manner as in the case of an application under

section 19 from the stage which was reached before such transfer or from any

earlier stage or de novo as the Tribunal may deem fit. 
(5) Where any case stands transferred to a

Joint Administrative Tribunal under sub-section (3), the Joint Administrative

Tribunal may proceed to deal with such case from the stage which was reached

before it stood so transferred. 
(6) Every case pending before a Tribunal

immediately before the commencement of the Administrative Tribunals (Amendment)

Act, 1987, being a case the cause of action whereon it is based is such that it

would have been, if it had arisen after such commencement, within the

jurisdiction of any Court, shall together with the records thereof, stand

transferred on such commencement to such Court. 
(7) Where any case stands transferred to a

court under sub-section (6), that Court may proceed to deal with such case from

the stage which was reached before it stood so transferred.","Simplified text: Transfer of Cases:

When a Tribunal is established, certain cases from courts or other authorities will be moved to the Tribunal if the cause of action would fall under the Tribunal's jurisdiction if it had arisen after the Tribunal was set up. This includes cases involving local authorities, corporations, or societies.

Explanation:

When a Joint Administrative Tribunal is set up for multiple states, cases from existing State Tribunals will be transferred to the Joint Tribunal.

Process:

- The original court or authority must send case records to the Tribunal promptly after transfer.
- The Tribunal can continue dealing with the case from where it was left off or start anew.
- If a case is moved to a Joint Administrative Tribunal, it will be dealt with from the previous stage.
- Cases pending before a Tribunal before the 1987 Amendment Act, which would have come under a regular court's jurisdiction, will be transferred to a court.
- The receiving court can proceed with the case from the stage it reached before the transfer."
"SECTION 35 of Administrative Tribunals Act, 1985
The Administrative Tribunals Act, 1985
35. Power of the Central Government to Make Rules. -
(1) The Central Government may, subject to the

provisions of section 36, by notification make rules to carry out the

provisions of this Act. 
(2) Without prejudice to the generally of the

foregoing power such rules may provide for all or any of the following, namely,

-
(a) the case or cases

which shall be decided by a Bench composed of more than two Members under

clause (d) of sub-section (4) of section 5; 
(b) the procedure

under sub-section (3) of section 9 for the investigation of misbehavior or

incapacity of Chairman, Vice-Chairman or other Member;
(c) the salaries and

allowances payable to, and the other terms and conditions of, the Chairman, Vice-Chairman

and other Members; 
(d) the form in which

an application may be made under section 19, the documents and other evidence

by which such application shall be accompanied and the fees payable in respect

of filing or such application or for the service or execution of processes; 
(e) the rules subject

to which a Tribunal shall have power to regulate its own procedure under

sub-section (1) of section 22 and the additional matters in respect of which a

Tribunal may exercise the powers of a Civil Court under clause (i) of

sub-section (3) of that section; and","**Simplified text:**

Power to Make Rules:
The Central Government can create rules through a notification to implement the provisions of this Act.

Types of Rules:
These rules can cover various aspects such as:
- Deciding which cases require a Bench with more than two Members.
- Procedures for investigating misbehavior or incapacity of the Chairman, Vice-Chairman, or other Members.
- Salaries, allowances, and terms of service for the Chairman, Vice-Chairman, and other Members.
- Application requirements under section 19, including necessary documents, evidence, and fees.
- Guidelines for Tribunals to regulate their own procedures and additional matters they can handle similar to a Civil Court.

*Note: This restructuring makes the information more comprehensible and user-friendly.*"
"SECTION 37 of Administrative Tribunals Act, 1985
The Administrative Tribunals Act, 1985
37. Laying of Rules. - 
(1) Every rule made under this Act by the

Central Government shall be laid as soon as may be after it is made, before

each House of Parliament, while it is in session, for a total period of thirty

days which may be comprised in one session or in two or more successive

sessions, and if before the expiry of the session immediately following the

session or the successive sessions aforesaid both Houses agree in making any

modification in the rule or both Houses agree that the rule should not be made,

the rule shall thereafter have effect only in such modified form or be of no

effect, as the case may be; so, however that any such modification or annulment

shall be without prejudice to the validity of anything previously done under

the rule. 
(2) Every rule made by a State Government

under this Act shall be laid, as soon as may be after it is made, before the

State Legislature.","Simplified text: Laying of Rules:
Rules made by the Central Government need to be presented to both Houses of Parliament within 30 days of their creation. The rule will only be enforced if both Houses agree on it or agree that it should not be enforced, possibly with modifications. Any changes or annulments to the rule won't affect anything that was previously done under it.
Rules made by State Governments must be presented to the State Legislature shortly after they are created."
"SECTION 4 of Administrators General Act, 1963
4. Appointment and powers of Deputy Administrator-General.-
(1) The State Government may appoint a Deputy or Deputies to assist the Administrator-General; and any Deputy so appointed shall, subject to the control of the State Government and the general or special orders of theAdministrator-General, be competent to discharge any of the duties and to exercise any of the powers of the Administrator-General, and when discharging such duties or exercising such powers shall have the same privileges and be subject to the same liabilities as the Administrator-General.
(2) No person shall be appointed as a Deputy under this section unless he has been for at least three years-
(a) an advocate; or
(b) an attorney of a High Court; or
(c) a member of the judicial service of a State.
1.The words ""except the State of Jammu and Kashmir"" omitted by Act 25 of 1968, s. 2 and the Schedule (w.e.f. 15-8-1968).
2.1st March, 1964, vide notification No. S.O. 588, dated 11th February, 1964, see Gazette of India, Extraordinary, Part II, sec. 3(ii).","**Simplified text:**

**Deputy Administrator-General Appointment and Powers:**
- The State Government can appoint Deputies to assist the Administrator-General.
- Deputies can perform the same duties and have the same powers as the Administrator-General, under the State Government's control and the Administrator-General's orders.
- Deputies must have been an advocate, attorney of a High Court, or a member of a State's judicial service for at least three years to be appointed.
- Note: The State of Jammu and Kashmir is excluded from this provision.

**Important Note:**
- Effective from 1st March 1964, following notification No. S.O. 588 dated 11th February 1964.

By simplifying legal text, it becomes easier to understand and interpret for a broader audience."
"SECTION 9 of Administrators General Act, 1963
9. Right of Administrator-General to apply for administration of estates.-
(1) If-
(a) any person has died leaving within any State assets exceeding rupees 1[ten lakhs] in value, and
(b) (whether the obtaining of probate of his will or letters of administration to his estate is or is not obligatory), no person to whom any court would have jurisdiction to commit administration of such assets has, within one month after his death, applied in such State for such probate, or letters of administration, and
(c) (in cases where the obtaining of such probate or letters of administration is not obligatory under the provisions of the Indian Succession Act, 1925 [39 of 1925]), no person has taken other proceedings for the protection of the estate,
the Administrator-General of the State in which such assets are, may, subject to any rules made by the State Government, within a reasonable time after he has had notice of the death of such person, and of his having left such assets, take such proceedings as may be necessary to obtain from the High Court letters of administration of the estate of such person.
(2) The Administrator-General shall not take proceedings under this section unless he is satisfied, that there is apprehension of misappropriation, deterioration or waste of such assets if such proceedings are not taken by him or that such proceedings are otherwise necessary for the protection of the assets.
1. Subs. by Act 33 of 2012, s. 2, for ""two lakhs"" (w.e.f. 1-7-2012).","Simplified text: Right to Request Administration of Estates:

If all the following conditions are true:
- A person has passed away with assets valued at more than rupees 1[ten lakhs].
- No one has applied for probate or letters of administration in the State within one month of the person's death.
- In cases where probate or letters of administration are not required by law, no other protective actions have been taken for the estate,

then the Administrator-General of the State where these assets are located can, within a reasonable time after being informed of the death and assets, start the necessary steps to obtain letters of administration from the High Court for the deceased person's estate.

The Administrator-General should only take action if there is a risk of misappropriation, damage, or wastage of these assets, or if it is otherwise essential to safeguard them."
